Tree,Sampled_by,Sampling_date,Latitude,Longitude,Elevation,Shipping_date
A1,Tiggy,2023-05-06,66.209820000,13.053590000,,2023-05-15
A2,Tiggy,2023-05-06,66.260990000,13.179240000,,2023-05-15
A3,Tiggy,2023-05-06,66.265730000,13.190890000,,2023-05-15
A4,Tiggy,2023-05-06,66.225090000,13.075670000,,2023-05-15
A5,Tiggy,2023-05-06,66.272710000,13.208660000,,2023-05-15
A6,Tiggy,2023-05-06,66.288730000,13.299520000,,2023-05-15
A7,Tiggy,2023-05-06,66.297700000,13.378380000,,2023-05-15
A8,Tiggy,2023-05-06,66.291160000,13.599150000,,2023-05-15
A9,Tiggy,2023-05-06,66.289400000,13.623580000,,2023-05-15
A10,Tiggy,2023-05-06,66.304910000,13.948090000,,2023-05-15
A11,Tiggy,2023-05-07,66.305820000,13.958810000,,2023-05-15
A12,Tiggy,2023-05-07,66.306710000,13.966800000,,2023-05-15
A13,Tiggy,2023-05-07,66.308140000,13.979100000,,2023-05-15
A14,Tiggy,2023-05-07,66.316830000,13.976720000,,2023-05-15
A15,Tiggy,2023-05-07,66.332190000,13.981020000,,2023-05-15
A16,Tiggy,2023-05-07,66.333200000,14.108270000,,2023-05-15
A17,Tiggy,2023-05-07,66.344940000,14.123510000,,2023-05-15
A18,Tiggy,2023-05-07,66.346620000,14.131720000,,2023-05-15
A19,Tiggy,2023-05-07,66.340540000,14.141540000,,2023-05-15
A20,Tiggy,2023-05-07,66.335790000,14.285860000,,2023-05-15
A21,Tiggy,2023-05-07,66.370440000,14.311400000,,2023-05-15
A22,Tiggy,2023-05-07,66.336200000,14.267040000,,2023-05-15
A23,Tiggy,2023-05-07,66.335950000,14.297650000,,2023-05-15
A24,Tiggy,2023-05-07,66.325920000,14.248300000,,2023-05-15
A25,Tiggy,2023-05-07,66.315580000,14.238420000,,2023-05-15
A26,Tiggy,2023-05-08,66.179810000,13.796940000,,2023-05-15
A27,Tiggy,2023-05-08,66.185680000,13.786700000,,2023-05-15
A28,Tiggy,2023-05-08,66.187240000,13.750080000,,2023-05-15
A29,Tiggy,2023-05-08,66.185000000,13.727340000,,2023-05-15
A30,Tiggy,2023-05-08,66.178680000,13.677330000,,2023-05-15
A31,Tiggy,2023-05-08,66.188670000,13.671940000,,2023-05-15
A32,Tiggy,2023-05-08,66.212200000,13.652110000,,2023-05-15
A33,Tiggy,2023-05-08,66.178450000,13.698700000,,2023-05-15
A34,Tiggy,2023-05-08,66.182210000,13.715610000,,2023-05-15
A35,Tiggy,2023-05-08,66.203530000,13.792930000,,2023-05-15
A36,Tiggy,2023-05-08,66.221300000,13.847460000,,2023-05-15
A37,Tiggy,2023-05-08,66.233660000,13.904220000,,2023-05-15
A38,Tiggy,2023-05-08,66.246250000,14.006390000,,2023-05-15
A39,Tiggy,2023-05-08,66.241330000,14.077670000,,2023-05-15
A40,Tiggy,2023-05-08,66.242270000,14.033810000,,2023-05-15
A41,Tiggy,2023-05-08,66.233660000,13.904220000,,2023-05-15
A42,Tiggy,2023-06-18,66.314960000,14.376250000,,2023-06-21
A43,Tiggy,2023-06-18,66.312550000,14.393330000,,2023-06-21
A44,Tiggy,2023-06-18,66.306970000,14.408710000,,2023-06-21
A45,Tiggy,2023-06-18,66.293110000,14.393250000,,2023-06-21
A46,Tiggy,2023-06-18,66.287700000,14.430050000,,2023-06-21
B1,Tiggy,2023-06-06,65.943260000,15.028580000,,2023-06-13
B2,Tiggy,2023-06-06,65.900970000,14.986080000,,2023-06-13
B3,Tiggy,2023-06-06,65.900970000,14.986080000,,2023-06-13
B4,Tiggy,2023-06-06,65.889690000,14.985690000,,2023-06-13
B5,Tiggy,2023-06-06,65.899260000,14.989190000,,2023-06-13
B6,Tiggy,2023-06-06,65.899260000,14.989190000,,2023-06-13
B7,Tiggy,2023-06-06,65.879650000,14.996470000,,2023-06-13
B8,Tiggy,2023-06-06,65.872960000,15.007120000,,2023-06-13
B9,Tiggy,2023-06-06,65.852320000,15.032660000,,2023-06-13
B10,Tiggy,2023-06-06,65.833810000,15.056180000,,2023-06-13
B11,Tiggy,2023-06-17,65.695510000,15.544500000,,2023-06-21
B12,Tiggy,2023-06-17,65.746540000,15.526680000,,2023-06-21
B13,Tiggy,2023-06-17,65.754260000,15.455040000,,2023-06-21
B14,Tiggy,2023-06-17,65.733180000,15.357350000,,2023-06-21
B15,Tiggy,2023-06-17,65.716040000,15.348540000,,2023-06-21
B16,Tiggy,2023-06-17,65.710670000,15.278180000,,2023-06-21
B17,Tiggy,2023-06-18,65.728440000,15.172460000,,2023-06-21
B18,Tiggy,2023-06-18,66.049710000,14.904560000,,2023-06-21
B19,Tiggy,2023-06-18,66.053250000,14.881880000,,2023-06-21
B20,Tiggy,2023-06-18,66.124730000,14.776800000,,2023-06-21
B21,Tiggy,2023-06-19,65.898220000,14.992520000,,2023-06-21
B22,Tiggy,2023-06-19,65.788220000,15.105660000,,2023-06-21
B23,Tiggy,2023-06-19,65.788220000,15.105660000,,2023-06-21
B24,Tiggy,2023-06-19,65.750440000,15.100490000,,2023-06-21
B25,Tiggy,2023-06-19,65.738840000,15.088990000,,2023-06-21
C1,Tiggy,2023-05-30,65.436380000,16.080040000,,2023-05-30
C2,Tiggy,2023-05-29,65.460610000,16.006080000,,2023-05-30
C3,Tiggy,2023-05-29,65.462060000,15.987860000,,2023-05-30
C4,Tiggy,2023-05-29,65.467120000,15.952560000,,2023-05-30
C5,Tiggy,2023-05-29,65.471160000,15.915610000,,2023-05-30
C6,Tiggy,2023-05-29,65.483100000,15.917120000,,2023-05-30
C7,Tiggy,2023-05-29,65.485560000,15.955430000,,2023-05-30
C8,Tiggy,2023-05-29,65.477810000,15.985160000,,2023-05-30
C9,Tiggy,2023-05-29,65.475030000,16.014400000,,2023-05-30
C10,Tiggy,2023-05-29,65.474340000,16.036000000,,2023-05-30
C11,Tiggy,2023-05-29,65.468990000,16.067680000,,2023-05-30
C12,Tiggy,2023-05-29,65.457030000,16.090610000,,2023-05-30
C13,Tiggy,2023-05-29,65.448570000,16.102210000,,2023-05-30
C14,Tiggy,2023-05-29,65.418060000,16.149670000,,2023-06-08
C15,Tiggy,2023-05-31,65.551380000,17.486260000,,2023-06-08
C16,Tiggy,2023-05-31,65.546600000,17.471460000,,2023-06-08
C17,Tiggy,2023-05-31,65.543740000,17.458400000,,2023-06-08
C18,Tiggy,2023-05-31,65.545330000,17.427580000,,2023-06-08
C19,Tiggy,2023-05-31,65.546560000,17.414830000,,2023-06-08
C20,Tiggy,2023-05-31,65.540820000,17.399490000,,2023-06-08
C21,Tiggy,2023-05-31,65.531100000,17.392340000,,2023-06-08
C22,Tiggy,2023-05-31,65.520420000,17.385990000,,2023-06-08
C23,Tiggy,2023-05-31,65.495050000,17.406250000,,2023-06-08
C24,Tiggy,2023-05-31,65.514670000,17.316200000,,2023-06-08
C25,Tiggy,2023-05-31,65.511620000,17.304940000,,2023-06-08
C26,Tiggy,2023-05-31,65.509210000,17.296030000,,2023-06-08
C27,Tiggy,2023-05-31,65.509410000,17.228870000,,2023-06-08
C28,Tiggy,2023-05-31,65.515940000,17.193700000,,2023-06-08
C29,Tiggy,2023-05-31,65.522040000,17.125720000,,2023-06-08
C30,Tiggy,2023-05-31,65.483480000,16.894580000,,2023-06-08
C31,Tiggy,2023-05-31,65.419790000,16.597800000,,2023-06-08
C32,Tiggy,2023-05-31,65.419790000,16.597800000,,2023-06-08
C33,Tiggy,2023-05-31,65.409220000,16.498140000,,2023-06-08
C34,Tiggy,2023-05-31,65.397380000,16.466240000,,2023-06-08
C35,Tiggy,2023-05-31,65.401350000,16.368990000,,2023-06-08
C36,Tiggy,2023-06-01,65.418180000,16.288570000,,2023-06-08
C37,Tiggy,2023-06-01,65.428760000,16.275910000,,2023-06-08
C38,Tiggy,2023-06-01,65.477950000,15.916540000,,2023-06-08
C39,Tiggy,2023-06-01,65.479310000,15.889900000,,2023-06-08
C40,Tiggy,2023-06-01,65.522178000,15.633210000,,2023-06-08
C41,Tiggy,2023-06-01,65.667580000,15.743520000,,2023-06-08
C42,Tiggy,2023-06-01,65.662570000,15.851000000,,2023-06-08
C43,Tiggy,2023-06-01,65.630760000,15.973670000,,2023-06-08
C44,Tiggy,2023-06-01,65.616020000,16.023780000,,2023-06-08
C45,Tiggy,2023-06-01,65.610600000,16.040560000,,2023-06-08
C46,Tiggy,2023-06-01,65.605060000,16.049270000,,2023-06-08
C47,Tiggy,2023-06-01,65.466290000,16.232670000,,2023-06-08
C48,Tiggy,2023-06-01,65.460740000,16.243270000,,2023-06-08
C49,Tiggy,2023-06-01,65.449550000,16.262020000,,2023-06-08
C50,Tiggy,2023-06-01,65.447280000,16.266920000,,2023-06-08
C51,Tiggy,2023-06-01,65.443190000,16.267850000,,2023-06-08
C52,Tiggy,2023-06-01,65.436070000,16.265830000,,2023-06-08
C53,Tiggy,2023-06-01,65.419040000,16.303410000,,2023-06-08
C54,Tiggy,2023-06-01,65.429060000,16.243370000,,2023-06-13
C55,Tiggy,2023-06-05,65.470310000,15.932090000,,2023-06-13
C56,Tiggy,2023-06-05,65.475620000,15.918100000,,2023-06-13
D1,Nazeer_Heba,2023-06-06,65.53693,17.58890,,2023-06-13
D2,Nazeer_Heba,2023-06-06,65.51958,17.57371,,2023-06-13
D3,Nazeer_Heba,2023-06-06,65.51699,17.56238,,2023-06-13
D4,Nazeer_Heba,2023-06-06,65.54442,17.67500,,2023-06-13
D5,Nazeer_Heba,2023-06-06,65.54448,17.67583,,2023-06-13
D6,Nazeer_Heba,2023-06-06,65.43798,17.78945,,2023-06-13
D7,Nazeer_Heba,2023-06-06,65.55668,17.72987,,2023-06-13
D8,Nazeer_Heba,2023-06-06,65.55668,17.72987,,2023-06-13
D9,Nazeer_Heba,2023-06-06,65.55669,17.73018,,2023-06-13
D10,Nazeer_Heba,2023-06-06,65.56733,17.86580,,2023-06-13
D11,Nazeer_Heba,2023-06-06,65.55382,17.84493,,2023-06-13
D12,Nazeer_Heba,2023-06-06,65.55815,17.85531,,2023-06-13
D13,Nazeer_Heba,2023-06-06,65.57272,17.69591,,2023-06-13
D14,Nazeer_Heba,2023-06-06,65.55908,17.94518,,2023-06-13
D15,Nazeer_Heba,2023-06-06,65.67029,18.07784,,2023-06-13
D16,Nazeer_Heba,2023-06-06,65.58532,18.17664,,2023-06-13
D17,Nazeer_Heba,2023-06-06,65.58054,18.50235,,2023-06-13
D18,Nazeer_Heba,2023-06-06,65.61800,18.85804,,2023-06-13
D19,Nazeer_Heba,2023-06-06,65.60688,18.65606,,2023-06-13
D20,Nazeer_Heba,2023-06-06,65.61798,18.85800,,2023-06-13
D21,Nazeer_Heba,2023-06-07,65.52304,18.92570,,2023-06-13
D22,Nazeer_Heba,2023-06-07,65.50888,18.94258,,2023-06-13
D23,Nazeer_Heba,2023-06-07,65.60936,18.95208,,2023-06-13
D24,Nazeer_Heba,2023-06-07,65.68403,18.80169,,2023-06-13
D25,Nazeer_Heba,2023-06-07,65.60393,19.13524,,2023-06-13
D26,Nazeer_Heba,2023-06-07,65.60462,19.09821,,2023-06-13
D27,Nazeer_Heba,2023-06-07,65.59732,19.16611,,2023-06-13
D28,Nazeer_Heba,2023-06-07,65.59908,19.14717,,2023-06-13
D29,Nazeer_Heba,2023-06-07,65.64860,19.21271,,2023-06-13
D30,Nazeer_Heba,2023-06-07,65.65182,19.20310,,2023-06-13
D31,Nazeer_Heba,2023-06-07,65.53586,17.53275,,2023-06-13
D32,Nazeer_Heba,2023-06-07,65.53283,17.52588,,2023-06-13
D33,Nazeer_Heba,2023-06-07,65.53472,17.51883,,2023-06-13
D34,Nazeer_Heba,2023-06-07,65.54331,17.53456,,2023-06-13
D35,Nazeer_Heba,2023-06-07,65.57548,17.47620,,2023-06-13
D36,Nazeer_Heba,2023-06-07,65.59271,17.50113,,2023-06-13
D37,Nazeer_Heba,2023-06-08,65.59319,17.49716,,2023-06-13
D38,Nazeer_Heba,2023-06-08,65.57846,17.54396,,2023-06-13
D39,Nazeer_Heba,2023-06-08,65.60298,17.44102,,2023-06-13
D40,Nazeer_Heba,2023-06-08,65.56714,17.50358,,2023-06-13
D41,Nazeer_Heba,2023-06-08,65.52533,17.50754,,2023-06-13
D42,Nazeer_Heba,2023-06-08,65.52699,17.48112,,2023-06-13
D43,Nazeer_Heba,2023-06-08,65.52266,17.46228,,2023-06-13
D44,Nazeer_Heba,2023-06-08,65.51214,17.41342,,2023-06-13
D45,Nazeer_Heba,2023-06-08,65.47324,17.43521,,2023-06-13
D46,Nazeer_Heba,2023-06-08,65.51756,17.56166,,2023-06-13
D47,Nazeer_Heba,2023-06-08,65.44191,17.56169,,2023-06-13
D48,Nazeer_Heba,2023-06-08,65.46312,17.57000,,2023-06-13
D49,Nazeer_Heba,2023-06-08,65.38285,17.56069,,2023-06-13
D50,Nazeer_Heba,2023-06-08,65.33541,17.59574,,2023-06-13
D51,Nazeer_Heba,2023-06-08,65.57118,18.21022,,2023-06-13
D52,Nazeer_Heba,2023-06-08,65.57520,18.20468,,2023-06-13
D53,Nazeer_Heba,2023-06-08,65.53848,17.54178,,2023-06-13
D54,Nazeer_Heba,2023-06-08,65.54049,17.54453,,2023-06-13
D55,Nazeer_Heba,2023-06-08,65.52896,17.54040,,2023-06-13
E1,Nazeer_Shashank_Flo,2023-05-25,65.56293,19.29441,,2023-05-30
E2,Nazeer_Shashank_Flo,2023-05-25,65.56508,19.30041,,2023-05-30
E3,Nazeer_Shashank_Flo,2023-05-25,65.57639,19.22860,,2023-05-30
E4,Nazeer_Shashank_Flo,2023-05-25,65.58616,19.36338,,2023-05-30
E5,Nazeer_Shashank_Flo,2023-05-25,65.58628,19.40257,,2023-05-30
E6,Nazeer_Shashank_Flo,2023-05-25,65.58583,19.17046,,2023-05-30
E7,Nazeer_Shashank_Flo,2023-05-25,65.58447,19.18227,,2023-05-30
E8,Nazeer_Shashank_Flo,2023-05-25,65.57260,19.22050,,2023-05-30
E9,Nazeer_Shashank_Flo,2023-05-25,65.53503,19.23852,,2023-05-30
E10,Nazeer_Shashank_Flo,2023-05-25,65.51688,19.26863,,2023-05-30
E11,Nazeer_Shashank_Flo,2023-05-25,65.52944,19.25226,,2023-05-30
E12,Nazeer_Shashank_Flo,2023-05-25,65.58958,19.45382,,2023-05-30
E13,Nazeer_Shashank_Flo,2023-05-25,65.59705,19.54658,,2023-05-30
E14,Nazeer_Shashank_Flo,2023-05-25,65.60045,19.54285,,2023-05-30
E15,Nazeer_Shashank_Flo,2023-05-25,65.62342,19.61641,,2023-05-30
E16,Nazeer_Shashank_Flo,2023-05-25,65.66659,20.25793,,2023-05-30
E17,Nazeer_Shashank_Flo,2023-05-25,65.66437,20.21184,,2023-05-30
E18,Nazeer_Shashank_Flo,2023-05-25,65.66709,20.18122,,2023-05-30
E19,Nazeer_Shashank_Flo,2023-05-25,65.68828,20.04925,,2023-05-30
E20,Nazeer_Shashank_Flo,2023-05-25,65.69684,20.01038,,2023-05-30
E21,Nazeer_Shashank_Flo,2023-05-25,65.70468,19.98194,,2023-05-30
E22,Nazeer_Shashank_Flo,2023-05-25,65.68769,20.04319,,2023-05-30
E23,Nazeer_Shashank_Flo,2023-05-25,65.68310,19.98427,,2023-05-30
E24,Nazeer_Shashank_Flo,2023-05-25,65.66062,19.83523,,2023-05-30
E25,Nazeer_Shashank_Flo,2023-05-25,65.66268,19.79516,,2023-05-30
E26,Nazeer_Shashank_Flo,2023-05-25,65.68270,9.77980,,2023-05-30
E27,Nazeer_Shashank_Flo,2023-05-25,65.75715,19.43286,,2023-05-30
E28,Nazeer_Shashank_Flo,2023-05-26,65.59672,19.16691,,2023-05-30
E29,Nazeer_Shashank_Flo,2023-05-26,65.59765,19.17718,,2023-05-30
E30,Nazeer_Shashank_Flo,2023-05-26,65.60152,19.16444,,2023-05-30
E31,Nazeer_Shashank_Flo,2023-05-26,65.59746,19.15990,,2023-05-30
E32,Nazeer_Shashank_Flo,2023-05-26,65.58937,19.19036,,2023-05-30
E33,Nazeer_Shashank_Flo,2023-05-26,65.60332,19.19471,,2023-05-30
E34,Nazeer_Shashank_Flo,2023-05-26,65.65795,19.72330,,2023-05-30
E35,Nazeer_Shashank_Flo,2023-05-26,65.66126,19.73268,,2023-05-30
E36,Nazeer_Shashank_Flo,2023-05-26,65.66493,19.73732,,2023-05-30
E37,Nazeer_Shashank_Flo,2023-05-26,65.66106,19.75296,,2023-05-30
E38,Nazeer_Shashank_Flo,2023-05-26,65.65632,19.78850,,2023-05-30
E39,Nazeer_Shashank_Flo,2023-05-26,65.64486,19.82104,,2023-05-30
E40,Nazeer_Shashank_Flo,2023-05-26,65.63319,19.86427,,2023-05-30
E41,Nazeer_Shashank_Flo,2023-05-26,65.62000,19.88185,,2023-05-30
E42,Nazeer_Shashank_Flo,2023-05-26,65.55043,20.04841,,2023-05-30
E43,Nazeer_Shashank_Flo,2023-05-26,65.58667,20.03272,,2023-05-30
E44,Nazeer_Shashank_Flo,2023-05-26,65.62260,20.09405,,2023-05-30
E45,Nazeer_Shashank_Flo,2023-05-26,65.63860,20.14521,,2023-05-30
E46,Nazeer_Shashank_Flo,2023-05-26,65.66156,20.21765,,2023-05-30
ER47,Nazeer,2023-06-08,65.53580,19.62326,,2023-06-13
ER48,Nazeer,2023-06-08,65.51680,19.69046,,2023-06-13
ER49,Nazeer,2023-06-08,65.5767415,19.21758,,2023-06-13
ER50,Benedicte,2023-06-08,65.3531976,18.613047000,,2023-06-13
F1,Camile_Lucija_Jian-Feng,2023-05-22,65.660000000,20.21646000,,2023-05-30
F2,Camile_Lucija_Jian-Feng,2023-05-22,65.668600000,20.24481000,,2023-05-30
F3,Camile_Lucija_Jian-Feng,2023-05-22,65.675400000,20.26943000,,2023-05-30
F4,Camile_Lucija_Jian-Feng,2023-05-22,65.678560000,20.32322000,,2023-05-30
F5,Camile_Lucija_Jian-Feng,2023-05-22,65.751900000,20.26687000,,2023-05-30
F6,Camile_Lucija_Jian-Feng,2023-05-22,65.690370000,20.47231000,,2023-05-30
F7,Camile_Lucija_Jian-Feng,2023-05-22,65.697830000,20.52994000,,2023-05-30
F8,Camile_Lucija_Jian-Feng,2023-05-22,65.693050000,20.60206000,,2023-05-30
F9,Camile_Lucija_Jian-Feng,2023-05-22,65.693120000,20.66861000,,2023-05-30
F10,Camile_Lucija_Jian-Feng,2023-05-22,65.693250000,20.62356000,,2023-05-30
F11,Camile_Lucija_Jian-Feng,2023-05-22,65.693750000,20.67347000,,2023-05-30
F12,Camile_Lucija_Jian-Feng,2023-05-22,65.682710000,20.73773000,,2023-05-30
F13,Camile_Lucija_Jian-Feng,2023-05-22,65.681890000,20.79445000,,2023-05-30
F14,Camile_Lucija_Jian-Feng,2023-05-22,65.669930000,20.86423000,,2023-05-30
F15,Camile_Lucija_Jian-Feng,2023-05-22,65.667650000,20.90444000,,2023-05-30
F16,Camile_Lucija_Jian-Feng,2023-05-23,65.670570000,20.95683000,,2023-05-30
F17,Camile_Lucija_Jian-Feng,2023-05-23,65.669150000,21.03185000,,2023-05-30
F18,Camile_Lucija_Jian-Feng,2023-05-23,65.671970000,21.06950000,,2023-05-30
F19,Camile_Lucija_Jian-Feng,2023-05-23,65.672920000,21.11691000,,2023-05-30
F20,Camile_Lucija_Jian-Feng,2023-05-23,65.672700000,21.15820000,,2023-05-30
F21,Camile_Lucija_Jian-Feng,2023-05-23,65.675760000,21.19800000,,2023-05-30
F22,Camile_Lucija_Jian-Feng,2023-05-23,65.684360000,21.21841000,,2023-05-30
F23,Camile_Lucija_Jian-Feng,2023-05-23,65.698940000,21.24328000,,2023-05-30
F24,Camile_Lucija_Jian-Feng,2023-05-23,65.714130000,21.26397000,,2023-05-30
F25,Camile_Lucija_Jian-Feng,2023-05-23,65.720100000,21.24565000,,2023-05-30
F26,Camile_Lucija_Jian-Feng,2023-05-23,65.764050000,21.31778000,,2023-05-30
F27,Camile_Lucija_Jian-Feng,2023-05-23,65.765360000,21.35642000,,2023-05-30
F28,Camile_Lucija_Jian-Feng,2023-05-23,65.774510000,21.39209000,,2023-05-30
F29,Camile_Lucija_Jian-Feng,2023-05-23,65.775140000,21.43215000,,2023-05-30
F30,Camile_Lucija_Jian-Feng,2023-05-23,65.766880000,21.47591000,,2023-05-30
F31,Camile_Lucija_Jian-Feng,2023-05-23,65.754110000,21.51614000,,2023-05-30
F32,Camile_Lucija_Jian-Feng,2023-05-23,65.796810000,21.56816000,,2023-05-30
F33,Camile_Lucija_Jian-Feng,2023-05-23,65.817820000,21.58830000,,2023-05-30
F34,Camile_Lucija_Jian-Feng,2023-05-23,65.758010000,21.75045000,,2023-05-30
F35,Camile_Lucija_Jian-Feng,2023-05-23,65.699940000,21.82043000,,2023-05-30
F36,Camile_Lucija_Jian-Feng,2023-05-24,65.531380000,21.78672000,,2023-05-30
F37,Camile_Lucija_Jian-Feng,2023-05-24,65.522570000,21.75000000,,2023-05-30
F38,Camile_Lucija_Jian-Feng,2023-05-24,65.519650000,21.71636000,,2023-05-30
F39,Camile_Lucija_Jian-Feng,2023-05-24,65.521970000,21.67978000,,2023-05-30
F40,Camile_Lucija_Jian-Feng,2023-05-24,65.510770000,21.58389000,,2023-05-30
F41,Camile_Lucija_Jian-Feng,2023-05-24,65.515530000,21.53887000,,2023-05-30
F42,Camile_Lucija_Jian-Feng,2023-05-24,65.518090000,21.49461000,,2023-05-30
F43,Camile_Lucija_Jian-Feng,2023-05-24,65.526800000,21.48713000,,2023-05-30
F44,Camile_Lucija_Jian-Feng,2023-05-24,65.543870000,21.49199000,,2023-05-30
F45,Camile_Lucija_Jian-Feng,2023-05-24,65.558210000,21.48223000,,2023-05-30
F46,Camile_Lucija_Jian-Feng,2023-05-24,65.570220000,21.48335000,,2023-05-30
F47,Camile_Lucija_Jian-Feng,2023-05-24,65.586750000,21.46458000,,2023-05-30
F48,Camile_Lucija_Jian-Feng,2023-05-24,65.597890000,21.43875000,,2023-05-30
F49,Camile_Lucija_Jian-Feng,2023-05-24,65.613680000,21.41466000,,2023-05-30
F50,Camile_Lucija_Jian-Feng,2023-05-24,65.642320000,21.32241000,,2023-05-30
F51,Camile_Lucija_Jian-Feng,2023-05-24,65.638120000,21.23324000,,2023-05-30
F52,Camile_Lucija_Jian-Feng,2023-05-24,65.616830000,21.24918000,,2023-05-30
F53,Camile_Lucija_Jian-Feng,2023-05-24,65.600940000,21.26326000,,2023-05-30
F54,Camile_Lucija_Jian-Feng,2023-05-24,65.586350000,21.27806000,,2023-05-30
F55,Camile_Lucija_Jian-Feng,2023-05-24,65.503670000,21.24083000,,2023-05-30
G1,Bertold_Marta,2023-05-24,65.33468,12.6766606,,2023-05-30
G2,Bertold_Marta,2023-05-24,65.32582092,12.91988754,,2023-05-30
G3,Bertold_Marta,2023-05-24,65.26242065,12.79624653,,2023-05-30
G4,Bertold_Marta,2023-05-25,65.2649765,12.77551417,,2023-05-30
G5,Bertold_Marta,2023-05-25,65.3261104,12.6906316,,2023-05-30
G6,Bertold_Marta,2023-05-25,65.5120017,12.2713017,,2023-05-30
G7,Bertold_Marta,2023-05-25,65.5333616,12.2686306,,2023-05-30
G8,Bertold_Marta,2023-05-25,65.551966,12.280106,,2023-05-30
G9,Bertold_Marta,2023-05-25,65.5685892,12.3060541,,2023-05-30
G10,Bertold_Marta,2023-05-25,65.4937926,12.274284,,2023-05-30
G11,Bertold_Marta,2023-05-25,65.4952429,12.3477433,,2023-05-30
G12,Bertold_Marta,2023-05-25,65.471248,12.3531342,,2023-05-30
G13,Bertold_Marta,2023-05-25,65.416499,12.2111958,,2023-05-30
G14,Bertold_Marta,2023-05-25,65.377576,12.203996,,2023-05-30
G15,Bertold_Marta,2023-05-25,65.3901424,12.2470133,,2023-05-30
G16,Bertold_Marta,2023-05-25,65.3880093,12.2762309,,2023-05-30
G17,Bertold_Marta,2023-05-25,65.3743015,12.25524,,2023-05-30
G18,Bertold_Marta,2023-05-25,65.3411516,12.2015938,,2023-05-30
G19,Bertold_Marta,2023-05-25,65.3036586,12.1652576,,2023-05-30
G20,Bertold_Marta,2023-05-25,65.2558728,12.1312653,,2023-05-30
G21,Bertold_Marta,2023-05-25,65.242327,12.1217313,,2023-05-30
G22,Bertold_Marta,2023-05-25,65.220604,12.029201,,2023-05-30
G23,Bertold_Marta,2023-05-25,65.230448,12.019518,,2023-05-30
G24,Bertold_Marta,2023-05-25,65.2271729,12.0717584,,2023-05-30
G25,Bertold_Marta,2023-05-25,65.2762251,12.1474018,,2023-05-30
G26,Bertold_Marta,2023-05-25,65.3001544,12.1930929,,2023-05-30
G27,Bertold_Marta,2023-05-25,65.2981936,12.2477626,,2023-05-30
G28,Bertold_Marta,2023-05-25,65.289661,12.2696642,,2023-05-30
G29,Bertold_Marta,2023-05-26,65.4987745,12.355632,,2023-05-30
G30,Bertold_Marta,2023-05-26,65.516347,12.3697126,,2023-05-30
G31,Bertold_Marta,2023-05-26,65.5015526,12.3638802,,2023-05-30
G32,Bertold_Marta,2023-05-26,65.488704,12.3541149,,2023-05-30
G33,Bertold_Marta,2023-05-26,65.4998856,12.3820887,,2023-05-30
G34,Bertold_Marta,2023-05-26,65.4559476,12.434484,,2023-05-30
G35,Bertold_Marta,2023-05-26,65.4398365,12.4397377,,2023-05-30
G36,Bertold_Marta,2023-05-26,65.463267,12.44777,,2023-05-30
G37,Bertold_Marta,2023-05-26,65.4156344,12.448872,,2023-05-30
G38,Bertold_Marta,2023-05-26,65.4113931,12.4796413,,2023-05-30
G39,Bertold_Marta,2023-05-26,65.3966135,12.5342189,,2023-05-30
G40,Bertold_Marta,2023-05-26,65.3714837,12.6506666,,2023-05-30
G41,Bertold_Marta,2023-05-26,65.353124,12.662224,,2023-05-30
G42,Bertold_Marta,2023-05-27,65.3267899,12.6888935,,2023-05-30
G43,Bertold_Marta,2023-05-27,65.2658992,12.7640007,,2023-05-30
G44,Bertold_Marta,2023-05-27,65.3020077,12.8749711,,2023-05-30
G45,Bertold_Marta,2023-05-27,65.3974719,13.379689,,2023-05-30
G46,Bertold_Marta,2023-05-27,65.4677577,13.4061008,,2023-05-30
G47,Bertold_Marta,2023-05-27,65.5072416,13.3949696,,2023-05-30
G48,Bertold_Marta,2023-05-27,65.4867118,13.4107745,,2023-05-30
G49,Bertold_Marta,2023-05-27,65.4492653,13.398326,,2023-05-30
G50,Bertold_Marta,2023-05-27,65.4356452,13.4017878,,2023-05-30
G51,Bertold_Marta,2023-05-27,65.3323062,12.9490088,,2023-05-30
G52,Bertold_Marta,2023-05-27,65.2668283,12.6303026,,2023-05-30
G53,Bertold_Marta,2023-05-27,65.2656702,12.6229403,,2023-05-30
G54,Bertold_Marta,2023-05-27,65.2638609,12.6108868,,2023-05-30
G55,Bertold_Marta,2023-05-27,65.292083,12.655076,,2023-05-30
H1,Mikko_Max,2023-06-06,65.383418,14.025915,,2023-06-13
H2,Mikko_Max,2023-06-06,65.476533,14.014205,,2023-06-13
H3,Mikko_Max,2023-06-06,65.518175,13.60708,,2023-06-13
H4,Mikko_Max,2023-06-06,65.522125,13.559236,,2023-06-13
H5,Mikko_Max,2023-06-06,65.525207,13.529756,,2023-06-13
H6,Mikko_Max,2023-06-06,65.528338,13.507588,,2023-06-13
H7,Mikko_Max,2023-06-06,65.531102,13.438766,,2023-06-13
H8,Mikko_Max,2023-06-06,65.7273,14.617403,,2023-06-13
H9,Mikko_Max,2023-06-07,65.731843,14.598995,,2023-06-13
H10,Mikko_Max,2023-06-07,65.73666,14.574663,,2023-06-13
H11,Mikko_Max,2023-06-07,65.767446,14.541503,,2023-06-13
H12,Mikko_Max,2023-06-07,65.772216,14.522003,,2023-06-13
H13,Mikko_Max,2023-06-07,65.782348,14.501057,,2023-06-13
H14,Mikko_Max,2023-06-07,65.789788,14.487241,,2023-06-13
H15,Mikko_Max,2023-06-07,65.799411,14.475141,,2023-06-13
H16,Mikko_Max,2023-06-07,65.807903,14.445831,,2023-06-13
H17,Mikko_Max,2023-06-07,65.813256,14.403725,,2023-06-13
H18,Mikko_Max,2023-06-07,65.815808,14.367815,,2023-06-13
H19,Mikko_Max,2023-06-07,65.814051,14.342895,,2023-06-13
H20,Mikko_Max,2023-06-07,65.814543,14.315952,,2023-06-13
H21,Mikko_Max,2023-06-07,65.814215,14.292766,,2023-06-13
H22,Mikko_Max,2023-06-07,65.812576,14.266285,,2023-06-13
H23,Mikko_Max,2023-06-07,65.818928,14.233473,,2023-06-13
H24,Mikko_Max,2023-06-07,65.823495,14.215713,,2023-06-13
H25,Mikko_Max,2023-06-07,65.727995,14.07486,,2023-06-13
H26,Mikko_Max,2023-06-07,65.721165,14.092168,,2023-06-13
H27,Mikko_Max,2023-06-07,65.244028,14.14892,,2023-06-13
H28,Mikko_Max,2023-06-07,65.674033,14.152973,,2023-06-13
H29,Mikko_Max,2023-06-07,65.668705,14.139567,,2023-06-13
H30,Mikko_Max,2023-06-07,65.653147,14.113717,,2023-06-13
H31,Mikko_Max,2023-06-07,65.652953,14.077328,,2023-06-13
H32,Mikko_Max,2023-06-07,65.599798,14.031618,,2023-06-13
H33,Mikko_Max,2023-06-09,65.57111,14.314655,,2023-06-13
H34,Mikko_Max,2023-06-09,65.57436,14.292033,,2023-06-13
H35,Mikko_Max,2023-06-09,65.575373,14.269836,,2023-06-13
H36,Mikko_Max,2023-06-09,65.575762,14.255616,,2023-06-13
H37,Mikko_Max,2023-06-09,65.573428,14.236677,,2023-06-13
H38,Mikko_Max,2023-06-09,65.572236,14.217273,,2023-06-13
H39,Mikko_Max,2023-06-09,65.606461,14.031358,,2023-06-13
H40,Mikko_Max,2023-06-09,65.419993,14.804246,,2023-06-13
H41,Mikko_Max,2023-06-09,65.417462,14.785778,,2023-06-13
H42,Mikko_Max,2023-06-09,65.417398,14.751728,,2023-06-13
H43,Mikko_Max,2023-06-09,65.417817,14.713908,,2023-06-13
H44,Mikko_Max,2023-06-09,65.41624,14.688968,,2023-06-13
H45,Mikko_Max,2023-06-09,65.422396,14.669848,,2023-06-13
H46,Mikko_Max,2023-06-09,65.423598,14.611553,,2023-06-13
H47,Mikko_Max,2023-06-09,65.444038,14.537498,,2023-06-13
H48,Mikko_Max,2023-06-09,65.45015,14.472485,,2023-06-13
H49,Mikko_Max,2023-06-09,65.507878,14.261243,,2023-06-13
HR1,Mikko_Max,2023-06-08,65.566836,14.009597,,2023-06-13
HR2,Mikko_Max,2023-06-08,65.524717,13.65037,,2023-06-13
HR3,Mikko_Max,2023-06-08,65.525193,13.576623,,2023-06-13
HR4,Mikko_Max,2023-06-08,65.519871,13.547406,,2023-06-13
HR5,Mikko_Max,2023-06-08,65.5272,13.496037,,2023-06-13
HR6,Mikko_Max,2023-06-08,65.531856,13.412083,,2023-06-13
HR7,Mikko_Max,2023-06-08,65.547871,13.396751,,2023-06-13
HR8,Mikko_Max,2023-06-08,65.595981,13.383702,,2023-06-13
HR9,Mikko_Max,2023-06-08,65.59729,13.347303,,2023-06-13
HR10,Mikko_Max,2023-06-08,65.617775,13.306326,,2023-06-13
HR11,Mikko_Max,2023-06-08,65.64677,13.281212,,2023-06-13
HR12,Mikko_Max,2023-06-08,65.711621,13.279938,,2023-06-13
HR13,Mikko_Max,2023-06-08,65.738136,13.2835,,2023-06-13
HR14,Mikko_Max,2023-06-08,65.924195,13.39618,,2023-06-13
HR15,Mikko_Max,2023-06-08,65.919765,13.377361,,2023-06-13
HR16,Mikko_Max,2023-06-08,65.91077,13.368181,,2023-06-13
HR17,Mikko_Max,2023-06-08,65.921026,13.391562,,2023-06-13
HR18,Mikko_Max,2023-06-08,65.935165,13.413033,,2023-06-13
HR19,Mikko_Max,2023-06-08,65.506263,14.271815,,2023-06-13
HR20,Mikko_Max,2023-06-08,65.44904,14.477586,,2023-06-13
HR21,Mikko_Max,2023-06-08,65.444678,14.532937,,2023-06-13
HR22,Mikko_Max,2023-06-08,65.44042,14.557389,,2023-06-13
HR23,Mikko_Max,2023-06-08,65.436397,14.574267,,2023-06-13
HR24,Mikko_Max,2023-06-08,65.422563,14.817225,,2023-06-13
HR25,Mikko_Max,2023-06-08,65.332105,15.182263,,2023-06-13
HR26,Mikko_Max,2023-06-08,65.323894,15.266192,,2023-06-13
HR27,Mikko_Max,2023-06-08,65.310606,15.292745,,2023-06-13
HR28,Mikko_Max,2023-06-08,65.297738,15.289908,,2023-06-13
HR29,Mikko_Max,2023-06-08,65.282915,15.298393,,2023-06-13
HR30,Mikko_Max,2023-06-08,65.275028,15.35397,,2023-06-13
HR31,Mikko_Max,2023-06-08,65.241231,15.440752,,2023-06-13
I1,Tiggy,2023-05-26,65.065590000,17.096280000,,2023-05-30
I2,Tiggy,2023-05-26,65.053000000,17.089660000,,2023-05-30
I3,Tiggy,2023-05-26,65.040860000,17.074440000,,2023-05-30
I4,Tiggy,2023-05-26,65.030390000,17.057360000,,2023-05-30
I5,Tiggy,2023-05-26,65.042700000,17.003580000,,2023-05-30
I6,Tiggy,2023-05-26,65.047520000,16.966750000,,2023-05-30
I7,Tiggy,2023-05-26,65.048680000,16.945090000,,2023-05-30
I8,Tiggy,2023-05-26,65.058180000,16.920440000,,2023-05-30
I9,Tiggy,2023-05-26,65.065610000,16.889690000,,2023-05-30
I10,Tiggy,2023-05-26,65.069720000,16.868590000,,2023-05-30
I11,Tiggy,2023-05-26,65.091880000,16.706600000,,2023-05-30
I12,Tiggy,2023-05-26,65.083930000,16.794680000,,2023-05-30
I13,Tiggy,2023-05-26,65.093490000,16.759860000,,2023-05-30
I14,Tiggy,2023-05-26,65.086880000,16.746970000,,2023-05-30
I15,Tiggy,2023-05-26,65.087080000,16.691460000,,2023-05-30
I16,Tiggy,2023-05-26,65.090290000,16.665810000,,2023-05-30
I17,Tiggy,2023-05-26,65.091110000,16.647390000,,2023-05-30
I18,Tiggy,2023-05-26,65.108220000,16.555670000,,2023-05-30
I19,Tiggy,2023-05-26,65.132030000,16.519820000,,2023-05-30
I20,Tiggy,2023-05-26,65.141390000,16.515500000,,2023-05-30
I21,Tiggy,2023-05-26,65.152620000,16.512560000,,2023-05-30
I22,Tiggy,2023-05-26,65.169300000,16.354640000,,2023-05-30
I23,Tiggy,2023-05-26,65.170080000,16.477020000,,2023-05-30
I24,Tiggy,2023-05-26,65.177960000,16.418180000,,2023-05-30
I25,Tiggy,2023-05-26,65.176660000,16.378920000,,2023-05-30
I26,Tiggy,2023-05-27,65.111380000,16.631700000,,2023-05-30
I27,Tiggy,2023-05-27,65.179830000,16.546900000,,2023-05-30
I28,Tiggy,2023-05-27,65.183840000,16.525800000,,2023-05-30
I29,Tiggy,2023-05-27,65.184640000,16.507650000,,2023-05-30
I30,Tiggy,2023-05-27,65.172700000,16.507400000,,2023-05-30
I31,Tiggy,2023-05-27,65.179940000,16.407320000,,2023-05-30
I32,Tiggy,2023-05-27,65.166340000,16.349210000,,2023-05-30
I33,Tiggy,2023-05-27,65.157720000,16.315560000,,2023-05-30
I34,Tiggy,2023-05-27,65.151110000,16.300080000,,2023-05-30
I35,Tiggy,2023-05-27,65.149620000,16.336360000,,2023-05-30
I36,Tiggy,2023-05-27,65.155720000,16.311390000,,2023-05-30
I37,Tiggy,2023-05-27,65.159710000,16.319360000,,2023-05-30
I38,Tiggy,2023-05-27,65.158940000,16.241900000,,2023-05-30
I39,Tiggy,2023-05-27,65.194860000,16.177490000,,2023-05-30
I40,Tiggy,2023-05-27,65.170200000,16.323220000,,2023-05-30
I41,Tiggy,2023-05-28,65.228360000,15.889290000,,2023-05-30
I42,Tiggy,2023-05-28,65.233020000,15.791590000,,2023-05-30
I43,Tiggy,2023-05-28,65.256110000,15.686870000,,2023-05-30
I44,Tiggy,2023-05-28,65.233280000,15.984450000,,2023-05-30
I45,Tiggy,2023-05-28,65.234890000,15.996130000,,2023-05-30
I46,Tiggy,2023-05-28,65.218280000,16.033380000,,2023-05-30
I47,Tiggy,2023-05-28,65.207780000,16.082860000,,2023-05-30
I48,Tiggy,2023-05-28,65.201070000,16.098860000,,2023-05-30
I49,Tiggy,2023-05-28,65.196260000,16.102820000,,2023-05-30
I50,Tiggy,2023-05-28,65.233000000,15.791710000,,2023-05-30
I51,Tiggy,2023-05-28,65.176380000,16.222000000,,2023-05-30
I52,Tiggy,2023-05-28,65.161730000,16.324850000,,2023-05-30
I53,Tiggy,2023-05-28,65.218190000,16.050100000,,2023-05-30
I54,Tiggy,2023-05-28,65.301400000,16.035660000,,2023-05-30
I55,Tiggy,2023-05-28,65.277200000,16.020210000,,2023-05-30
J1,Tiggy,2023-05-16,65.080990000,17.112390000,,2023-05-22
J2,Tiggy,2023-05-16,65.070640000,17.138640000,,2023-05-22
J3,Tiggy,2023-05-16,65.063050000,17.187730000,,2023-05-22
J4,Tiggy,2023-05-16,65.054570000,17.275840000,,2023-05-22
J5,Tiggy,2023-05-16,65.045910000,17.335870000,,2023-05-22
J6,Tiggy,2023-05-16,65.042880000,17.360040000,,2023-05-22
J7,Tiggy,2023-05-16,65.053813900,17.416133600,,2023-05-22
J8,Tiggy,2023-05-16,65.047805900,17.444532600,,2023-05-22
J9,Tiggy,2023-05-16,65.045790000,17.386210000,,2023-05-22
J10,Tiggy,2023-05-16,65.023350000,17.529240000,,2023-05-22
J11,Tiggy,2023-05-16,65.025010000,17.589350000,,2023-05-22
J12,Tiggy,2023-05-16,65.024220900,17.567263800,,2023-05-22
J13,Tiggy,2023-05-16,64.991820000,17.688980000,,2023-05-22
J14,Tiggy,2023-05-16,64.977910100,17.699858400,,2023-05-22
J15,Tiggy,2023-05-16,64.944110000,17.774940000,,2023-05-22
J16,Tiggy,2023-05-16,64.949700000,17.761200000,,2023-05-22
J17,Tiggy,2023-05-16,64.910290000,17.857110000,,2023-05-22
J18,Tiggy,2023-05-16,64.884600000,17.893140000,,2023-05-22
J19,Tiggy,2023-05-16,64.886300000,17.897010000,,2023-05-22
J20,Tiggy,2023-05-16,64.877080000,17.903460000,,2023-05-22
J21,Tiggy,2023-05-16,64.859180000,17.932210000,,2023-05-22
J22,Tiggy,2023-05-16,64.827420000,18.050200000,,2023-05-22
J23,Tiggy,2023-05-16,64.856770000,18.085310000,,2023-05-22
J24,Tiggy,2023-05-16,64.866590000,18.112440000,,2023-05-22
J25,Tiggy,2023-05-16,64.885270600,18.163769500,,2023-05-22
J26,Tiggy,2023-05-16,64.878490000,18.144370000,,2023-05-22
J27,Tiggy,2023-05-16,64.931860000,18.259240000,,2023-05-22
J28,Tiggy,2023-05-16,64.934510000,18.309290000,,2023-05-22
J29,Tiggy,2023-05-16,64.935620000,18.328400000,,2023-05-22
J30,Tiggy,2023-05-18,64.878490000,18.144370000,,2023-05-22
J31,Tiggy,2023-05-18,65.017960000,17.734920000,,2023-05-22
J32,Tiggy,2023-05-18,65.039960000,17.755060000,,2023-05-22
J33,Tiggy,2023-05-18,65.028490000,17.735330000,,2023-05-22
J34,Tiggy,2023-05-18,65.018020000,17.744280000,,2023-05-22
J35,Tiggy,2023-05-18,65.009770000,17.693600000,,2023-05-22
J36,Tiggy,2023-05-18,65.009630000,17.693940000,,2023-05-22
J37,Tiggy,2023-05-18,64.964853800,17.797852400,,2023-05-22
J38,Tiggy,2023-05-18,64.926907200,17.861109400,,2023-05-22
J39,Tiggy,2023-05-18,64.917670000,17.871720000,,2023-05-22
J40,Tiggy,2023-05-18,64.914260000,17.890950000,,2023-05-22
J41,Tiggy,2023-05-18,64.810170000,18.079410000,,2023-05-22
J42,Tiggy,2023-05-18,64.800570000,18.092370000,,2023-05-22
J43,Tiggy,2023-05-18,64.775710000,18.133040000,,2023-05-22
J44,Tiggy,2023-05-18,64.760440000,18.163290000,,2023-05-22
J45,Tiggy,2023-05-18,64.758840000,18.157060000,,2023-05-22
J46,Tiggy,2023-05-18,64.745960000,18.184960000,,2023-05-22
J47,Tiggy,2023-05-18,64.718440000,18.215000000,,2023-05-22
J48,Tiggy,2023-05-18,64.725250000,18.224240000,,2023-05-22
J49,Tiggy,2023-05-18,64.750760000,18.184320000,,2023-05-22
J50,Tiggy,2023-05-19,65.087100000,17.135880000,,2023-05-22
J51,Tiggy,2023-05-19,64.906250000,17.903130000,,2023-05-22
J52,Tiggy,2023-05-19,64.897590000,17.912680000,,2023-05-22
J53,Tiggy,2023-05-19,64.886290000,17.899290000,,2023-05-22
J54,Tiggy,2023-05-19,64.887540000,17.970300000,,2023-05-22
J55,Tiggy,2023-05-19,64.885908300,18.024249900,,2023-05-22
K1,SaraR_Jian-Feng_Sandeep,2023-05-30,64.750999451,18.674999237,,2023-06-07
K2,SaraR_Jian-Feng_Sandeep,2023-05-30,64.769996643,18.719999313,,2023-06-07
K3,SaraR_Jian-Feng_Sandeep,2023-05-30,64.813583374,18.747138977,,2023-06-07
K4,SaraR_Jian-Feng_Sandeep,2023-05-30,64.837249756,18.772527695,,2023-06-07
K5,SaraR_Jian-Feng_Sandeep,2023-05-30,64.862586975,18.724027634,,2023-06-07
K6,SaraR_Jian-Feng_Sandeep,2023-05-30,64.904615672,18.686713198,,2023-06-07
K7,SaraR_Jian-Feng_Sandeep,2023-05-30,64.912940979,18.656723022,,2023-06-07
K8,SaraR_Jian-Feng_Sandeep,2023-05-30,64.946746826,18.616222382,,2023-06-07
K9,SaraR_Jian-Feng_Sandeep,2023-05-30,64.954312000,18.593482000,,2023-06-07
K10,SaraR_Jian-Feng_Sandeep,2023-05-30,64.976058960,18.566305161,,2023-06-07
K11,SaraR_Jian-Feng_Sandeep,2023-05-30,64.985641479,18.534584045,,2023-06-07
K12,SaraR_Jian-Feng_Sandeep,2023-05-30,64.849861145,18.836000443,,2023-06-07
K13,SaraR_Jian-Feng_Sandeep,2023-05-31,64.898918152,18.881139755,,2023-06-07
K14,SaraR_Jian-Feng_Sandeep,2023-05-31,64.904220581,18.894721985,,2023-06-07
K15,SaraR_Jian-Feng_Sandeep,2023-05-31,64.918724060,18.947250366,,2023-06-07
K16,SaraR_Jian-Feng_Sandeep,2023-05-31,64.940277100,19.085416794,,2023-06-07
K17,SaraR_Jian-Feng_Sandeep,2023-05-31,64.937164307,19.019277573,,2023-06-07
K18,SaraR_Jian-Feng_Sandeep,2023-05-31,64.944252014,19.121026993,,2023-06-07
K19,SaraR_Jian-Feng_Sandeep,2023-05-31,64.946746826,19.159694672,,2023-06-07
K20,SaraR_Jian-Feng_Sandeep,2023-05-31,64.944969177,19.181638718,,2023-06-07
K21,SaraR_Jian-Feng_Sandeep,2023-05-31,64.944885254,19.230443954,,2023-06-07
K22,SaraR_Jian-Feng_Sandeep,2023-05-31,64.948974609,19.266611099,,2023-06-07
K23,SaraR_Jian-Feng_Sandeep,2023-05-31,64.944526672,19.302972794,,2023-06-07
K24,Jian-Feng_Hemamshu,2023-06-06,,,,2023-06-13
K25,Jian-Feng_Hemamshu,2023-06-06,,,,2023-06-13
K26,Jian-Feng_Hemamshu,2023-06-06,64.944676600, 19.3289383,,2023-06-13
K27,Jian-Feng_Hemamshu,2023-06-06,64.944613900, 19.3602970,,2023-06-13
K28,Jian-Feng_Hemamshu,2023-06-06,64.949274600, 19.3844986,,2023-06-13
K29,Jian-Feng_Hemamshu,2023-06-06,64.965527600, 19.4340477,,2023-06-13
K30,Jian-Feng_Hemamshu,2023-06-06,64.984992600, 19.4380361,,2023-06-13
K31,Jian-Feng_Hemamshu,2023-06-06,64.986106200,19.470570000,,2023-06-13
K32,Jian-Feng_Hemamshu,2023-06-06,64.976220800, 19.6937673,,2023-06-13
K33,Jian-Feng_Hemamshu,2023-06-07,64.931730000, 19.9868131,,2023-06-13
K34,Jian-Feng_Hemamshu,2023-06-07,64.924619500, 20.0418168,,2023-06-13
K35,Jian-Feng_Hemamshu,2023-06-07,64.896519000, 20.153580,,2023-06-13
K36,Jian-Feng_Hemamshu,2023-06-07,64.884098000, 20.214652,,2023-06-13
K37,Jian-Feng_Hemamshu,2023-06-07,64.881703800, 20.3070309,,2023-06-13
K38,Jian-Feng_Hemamshu,2023-06-07,64.874607200, 20.3478005,,2023-06-13
K39,Jian-Feng_Hemamshu,2023-06-07,64.760242800, 20.2611283,,2023-06-13
K40,Jian-Feng_Hemamshu,2023-06-07,64.764529500, 20.2244896,,2023-06-13
K41,Jian-Feng_Hemamshu,2023-06-07,64.765302400,20.195417500,,2023-06-13
K42,Jian-Feng_Hemamshu,2023-06-07,64.775733800, 20.1364532,,2023-06-13
K43,Jian-Feng_Hemamshu,2023-06-07,64.773504000, 20.1007610,,2023-06-13
K44,Jian-Feng_Hemamshu,2023-06-07,64.793243600, 20.0380781,,2023-06-13
K45,Jian-Feng_Hemamshu,2023-06-07,64.828455000, 19.917457,,2023-06-13
K46,Jian-Feng_Hemamshu,2023-06-08,64.838874300, 19.8608391,,2023-06-13
K47,Jian-Feng_Hemamshu,2023-06-08,64.910792700, 19.5092880,,2023-06-13
K48,Jian-Feng_Hemamshu,2023-06-08,64.892817700, 19.5833636,,2023-06-13
K49,Jian-Feng_Hemamshu,2023-06-08,64.889407800, 19.6288582,,2023-06-13
K50,Jian-Feng_Hemamshu,2023-06-08,64.884951800, 19.6698373,,2023-06-13
K51,Jian-Feng_Hemamshu,2023-06-08,64.878796900, 19.6984156,,2023-06-13
K52,Jian-Feng_Hemamshu,2023-06-08,64.854207900, 19.7441570,,2023-06-13
K53,Jian-Feng_Hemamshu,2023-06-08,64.835140500, 19.7767572,,2023-06-13
K54,Jian-Feng_Hemamshu,2023-06-08,64.838222500, 19.8262413,,2023-06-13
K55,Jian-Feng_Hemamshu,2023-06-08,64.753363000,20.315139000,,2023-06-13
K56,Jian-Feng_Hemamshu,2023-06-08,64.944677000,19.328938�,,2023-06-13
L1,Sara_Elena_Jian-Feng,2023-05-19,64.446490000,21.472720000,,2023-05-22
L2,Sara_Elena_Jian-Feng,2023-05-19,64.451080000,21.550800000,,2023-05-22
L3,Sara_Elena_Jian-Feng,2023-05-19,64.447710000,21.524440000,,2023-05-22
L4,Sara_Elena_Jian-Feng,2023-05-19,64.465370000,21.426120000,,2023-05-22
L5,Sara_Elena_Jian-Feng,2023-05-19,64.463180000,21.403850000,,2023-05-22
L6,Sara_Elena_Jian-Feng,2023-05-19,64.474980000,21.392780000,,2023-05-22
L7,Pali_Camy,2023-05-26,64.501717000,21.383000000,,2023-05-30
L8,Pali_Camy,2023-05-26,64.516321000,21.376485000,,2023-05-30
L9,Pali_Camy,2023-05-26,64.540046000,21.335213000,,2023-05-30
L10,Pali_Camy,2023-05-26,64.557012800,21.344714000,,2023-05-30
L11,Pali_Camy,2023-05-26,64.738569000,20.916755000,,2023-05-30
L12,Pali_Camy,2023-05-26,64.729337000,20.917319000,,2023-05-30
L13,Pali_Camy,2023-05-26,64.718493000,20.915713000,,2023-05-30
L14,Pali_Camy,2023-05-26,64.715958000,20.889803000,,2023-05-30
L15,Pali_Camy,2023-05-26,64.710007000,20.849011000,,2023-05-30
L16,Pali_Camy,2023-05-26,64.712708000,20.825821000,,2023-05-30
L17,Pali_Camy,2023-05-26,64.714555000,20.794065000,,2023-05-30
L18,Pali_Camy,2023-05-26,64.721962000,20.781283000,,2023-05-30
L19,Pali_Camy,2023-05-26,64.713442000,20.660799000,,2023-05-30
L20,Pali_Bibek,2023-06-01,64.649850000,20.614930000,,2023-06-07
L21,Pali_Bibek,2023-06-01,64.660460000,20.614430000,,2023-06-07
L22,Pali_Bibek,2023-06-01,64.679170000,20.612620000,,2023-06-07
L23,Pali_Bibek,2023-06-01,64.684840000,20.571470000,,2023-06-07
L24,Pali_Bibek,2023-06-01,64.686220000,20.526920000,,2023-06-07
L25,Pali_Bibek,2023-06-01,64.673200000,20.517540000,,2023-06-07
L26,Pali_Bibek,2023-06-01,64.661230000,20.502340000,,2023-06-07
L27,Pali_Bibek,2023-06-01,64.638720000,20.464150000,,2023-06-07
L28,Pali_Bibek,2023-06-01,64.656870000,20.434160000,,2023-06-07
L29,Soumayadeep_Teitur,2023-05-26,64.754811700,20.5736439�,,2023-05-30
L30,Soumayadeep_Teitur,2023-05-26,64.763229800,20.5394162�,,2023-05-30
L31,Soumayadeep_Teitur,2023-05-26,64.766880900,20.519211400,,2023-05-30
L32,Soumayadeep_Teitur,2023-05-26,64.769416200,20.5080377�,,2023-05-30
L33,Soumayadeep_Teitur,2023-05-26,64.772499900,20.4961428�,,2023-05-30
L34,Soumayadeep_Teitur,2023-05-26,64.782612000,20.4610974�,,2023-05-30
L35,Soumayadeep_Teitur,2023-05-26,64.784578500,20.4538356�,,2023-05-30
L36,Soumayadeep_Teitur,2023-05-26,64.785764000,20.4429318�,,2023-05-30
L37,Soumayadeep_Teitur,2023-05-26,64.786497700,20.419222000,,2023-05-30
L38,Soumayadeep_Teitur,2023-05-26,64.790284100,20.400391300,,2023-05-30
L39,Soumayadeep_Teitur,2023-05-26,64.791886800,20.3841314�,,2023-05-30
L40,Camy_Soumayadeep_Jenna,2023-05-19,64.578314940,21.321137460,67,2023-05-30
L41,Camy_Soumayadeep_Jenna,2023-05-19,64.582224010,21.275959810,67,2023-05-22
L42,Camy_Soumayadeep_Jenna,2023-05-19,64.591371260,21.244304510,81,2023-05-22
L43,Camy_Soumayadeep_Jenna,2023-05-19,64.603826250,21.228012300,8,2023-05-22
L44,Camy_Soumayadeep_Jenna,2023-05-19,64.620993170,21.230555800,9,2023-05-22
L45,Camy_Soumayadeep_Jenna,2023-05-19,64.624538760,21.206332200,16,2023-05-22
L46,Camy_Soumayadeep_Jenna,2023-05-19,64.630893980,21.189446970,30,2023-05-22
L47,Camy_Soumayadeep_Jenna,2023-05-19,64.640176350,21.178319510,40,2023-05-22
L48,Camy_Soumayadeep_Jenna,2023-05-19,64.649163960,21.153346370,43,2023-05-22
L49,Camy_Soumayadeep_Jenna,2023-05-19,64.672800630,21.109112780,14,2023-05-22
L50,Camy_Soumayadeep_Jenna,2023-05-19,64.681139670,21.093965720,7,2023-05-22
L51,Camy_Soumayadeep_Jenna,2023-05-19,64.689571860,21.067877640,9,2023-05-22
L52,Camy_Soumayadeep_Jenna,2023-05-19,64.697879460,21.051635370,5,2023-05-22
L53,Camy_Soumayadeep_Jenna,2023-05-19,64.711842820,21.033359960,19,2023-05-22
L54,Camy_Soumayadeep_Jenna,2023-05-19,64.715407360,21.018573680,6,2023-05-22
L55,Camy_Soumayadeep_Jenna,2023-05-19,64.719102960,21.009333300,12,2023-05-22
M1,Jenna-Alice,2023-05-15,64.631106570,11.076494750,46,2023-05-22
M2,Jenna-Alice,2023-05-15,64.630885990,11.082242620,31,2023-05-22
M3,Jenna-Alice,2023-05-15,64.632522030,11.094855700,51,2023-05-22
M4,Jenna-Alice,2023-05-15,64.632434950,11.102695090,76,2023-05-22
M5,Jenna-Alice,2023-05-15,64.632436480,11.128091450,22,2023-05-22
M6,Jenna-Alice,2023-05-15,64.625220010,11.146880370,25,2023-05-22
M7,Jenna-Alice,2023-05-15,64.623402550,11.141980250,35,2023-05-22
M8,Jenna-Alice,2023-05-15,64.617374190,11.147351710,4,2023-05-22
M9,Jenna-Alice,2023-05-15,64.605377470,11.246088140,43,2023-05-22
M10,Jenna-Alice,2023-05-15,64.567519940,11.273734640,35,2023-05-22
M11,Jenna-Alice,2023-05-15,64.544367790,11.261886120,33,2023-05-22
M12,Jenna-Alice,2023-05-15,64.541633230,11.269151410,20,2023-05-22
M13,Jenna-Alice,2023-05-15,64.497974420,11.304756260,24,2023-05-22
M14,Jenna-Alice,2023-05-15,64.484177260,11.353577640,59,2023-05-22
M15,Jenna-Alice,2023-05-15,64.486443110,11.395820650,16,2023-05-22
M16,Jenna-Alice,2023-05-15,64.498107750,11.428218330,61,2023-05-22
M17,Jenna-Alice,2023-05-15,64.477429890,11.484131620,42,2023-05-22
M18,Jenna-Alice,2023-05-15,64.487763120,11.917056680,29,2023-05-22
M19,Jenna-Alice,2023-05-15,64.470259260,11.642161340,56,2023-05-22
M20,Jenna-Alice,2023-05-15,64.474079430,11.619460980,7,2023-05-22
M21,Jenna-Alice,2023-05-16,64.480438920,11.615263430,47,2023-05-22
M22,Jenna-Alice,2023-05-16,64.483227330,11.644171690,24,2023-05-22
M23,Jenna-Alice,2023-05-16,64.489015430,11.668014940,41,2023-05-22
M24,Jenna-Alice,2023-05-16,64.486866250,11.687043540,38,2023-05-22
M25,Jenna-Alice,2023-05-16,64.481061430,11.700837100,15,2023-05-22
M26,Jenna-Alice,2023-05-16,64.480532050,11.714903560,50,2023-05-22
M27,Jenna-Alice,2023-05-16,64.472936550,11.749598140,54,2023-05-22
M28,Jenna-Alice,2023-05-16,64.453032490,11.782790500,19,2023-05-22
M29,Jenna-Alice,2023-05-16,64.445486480,11.830110700,12,2023-05-22
M30,Jenna-Alice,2023-05-16,64.449828770,11.843918590,6,2023-05-22
M31,Jenna-Alice,2023-05-16,64.446829340,11.867761910,17,2023-05-22
M32,Jenna-Alice,2023-05-16,64.490240610,11.962280130,9,2023-05-22
M33,Jenna-Alice,2023-05-16,64.488315250,11.992126120,16,2023-05-22
M34,Jenna-Alice,2023-05-16,64.482686960,12.020763770,18,2023-05-22
M35,Jenna-Alice,2023-05-16,64.461025490,12.089667910,47,2023-05-22
M36,Jenna-Alice,2023-05-16,64.470020160,12.133698330,25,2023-05-22
M37,Jenna-Alice,2023-05-16,64.463019850,12.160386540,22,2023-05-22
M38,Jenna-Alice,2023-05-16,64.454662470,12.185746620,27,2023-05-22
M39,Jenna-Alice,2023-05-16,64.449185470,12.217113640,26,2023-05-22
M40,Jenna-Alice,2023-05-16,64.454058660,12.237143570,34,2023-05-22
M41,Jenna-Alice,2023-05-16,64.454326700,12.266080050,69,2023-05-22
M42,Jenna-Alice,2023-05-16,64.457627970,12.281928670,31,2023-05-22
M43,Jenna-Alice,2023-05-16,64.459276510,12.299413240,25,2023-05-22
M44,Jenna-Alice,2023-05-17,64.459903380,12.335871120,32,2023-05-22
M45,Jenna-Alice,2023-05-17,64.453571960,12.338028550,56,2023-05-22
M46,Jenna-Alice,2023-05-17,64.433797430,12.337796320,80,2023-05-22
M47,Jenna-Alice,2023-05-17,64.401195970,12.341465460,108,2023-05-22
M48,Jenna-Alice,2023-05-17,64.400861900,12.351845800,131,2023-05-22
M49,Jenna-Aman,2023-06-06,64.548699740,12.460685700,67,2023-06-13
M50,Jenna-Aman,2023-06-06,64.540624210,12.447880480,117,2023-06-13
M51,Jenna-Aman,2023-06-06,64.533183030,12.409583670,105,2023-06-13
M52,Jenna-Aman,2023-06-06,64.486585290,12.343942540,37,2023-06-13
M53,Jenna-Aman,2023-06-07,64.470583190,12.313548260,22,2023-06-13
M54,Jenna-Aman,2023-06-07,64.442631950,12.313973600,66,2023-06-13
M55,Jenna-Aman,2023-06-07,64.437467750,12.317844710,78,2023-06-13
N1,Jenna-Aman,2023-06-08,64.398153000,12.380261950,143,2023-06-13
N2,Jenna-Aman,2023-06-08,64.402213490,12.398984300,143,2023-06-13
N3,Jenna-Aman,2023-06-08,64.417495670,12.453083630,202,2023-06-13
N4,Jenna-Aman,2023-06-08,64.450742600,12.550116110,153,2023-06-13
N5,Jenna-Aman,2023-06-08,64.455877650,12.650949890,242,2023-06-13
N6,Jenna-Aman,2023-06-08,64.463226140,12.786436400,173,2023-06-13
N7,Jenna-Aman,2023-06-08,64.481933510,13.336896020,357,2023-06-13
N8,Jenna-Aman,2023-06-08,64.445641780,13.647102380,416,2023-06-13
N9,Jenna-Aman,2023-06-08,64.442722210,13.636114280,433,2023-06-13
N10,Jenna-Aman,2023-06-08,64.438701310,13.606255300,409,2023-06-13
N11,Jenna-Aman,2023-06-08,64.443032720,13.572650550,411,2023-06-13
N12,Jenna-Aman,2023-06-08,64.466938720,13.577403790,415,2023-06-13
N13,Jenna-Aman,2023-06-08,64.470757130,13.538833540,421,2023-06-13
N14,Jenna-Aman,2023-06-08,64.469528590,13.505976180,420,2023-06-13
N15,Jenna-Aman,2023-06-08,64.469528590,13.505976180,420,2023-06-13
N16,Jenna-Aman,2023-06-08,64.345821630,13.618893550,479,2023-06-13
N17,Jenna-Aman,2023-06-08,64.332342200,13.599023680,479,2023-06-13
N18,Jenna-Aman,2023-06-08,64.318735450,13.603532710,480,2023-06-13
N19,Jenna-Aman,2023-06-08,64.290991640,13.688533220,391,2023-06-13
N20,Jenna-Aman,2023-06-08,64.161212650,13.877517280,383,2023-06-13
N21,Jenna-Aman,2023-06-08,64.118457210,13.946114100,409,2023-06-13
N22,Jenna-Aman,2023-06-08,64.105947140,13.989858240,408,2023-06-13
N23,Jenna-Aman,2023-06-08,64.101165310,14.025057170,366,2023-06-13
N24,Jenna-Aman,2023-06-09,64.091277500,14.052209170,355,2023-06-13
N25,Jenna-Aman,2023-06-09,64.175026240,13.841693320,363,2023-06-13
N26,Jenna-Aman,2023-06-09,64.223952740,13.839386440,390,2023-06-13
N27,Jenna-Aman,2023-06-09,64.231505310,13.793921650,369,2023-06-13
N28,Jenna-Aman,2023-06-09,64.264069200,13.698703550,373,2023-06-13
N29,Jenna-Aman,2023-06-09,64.274597090,13.680238140,405,2023-06-13
N30,Jenna-Aman,2023-06-09,64.240374950,13.721627250,421,2023-06-13
N31,Jenna-Aman,2023-06-09,64.447103890,13.718260990,464,2023-06-13
N32,Jenna-Aman,2023-06-09,64.588452720,13.699948420,445,2023-06-13
N33,Jenna-Aman,2023-06-09,64.511346550,13.774892820,334,2023-06-13
N34,Jenna-Aman,2023-06-09,64.513056180,13.826825330,338,2023-06-13
N35,Jenna-Aman,2023-06-09,64.488201300,13.946389790,338,2023-06-13
N36,Jenna-Aman,2023-06-09,64.484687390,13.947956160,322,2023-06-13
N37,Jenna-Aman,2023-06-09,64.462188470,13.885512190,322,2023-06-13
N38,Jenna-Aman,2023-06-09,64.460810000,13.866207540,322,2023-06-13
N39,Jenna-Aman,2023-06-09,64.438054920,13.759760560,430,2023-06-13
N40,Jenna-Aman,2023-06-09,64.437726990,13.734936350,440,2023-06-13
N41,Jenna-Aman,2023-06-09,64.493980710,13.953711810,320,2023-06-13
N42,Jenna-Aman,2023-06-09,64.493888380,13.974497130,316,2023-06-13
N43,Jenna-Aman,2023-06-09,64.492070680,13.986067990,317,2023-06-13
N44,Jenna-Aman,2023-06-09,64.478630310,14.102835320,347,2023-06-13
N45,Jenna-Aman,2023-06-09,64.479726990,14.113475250,349,2023-06-07
O1,Sara_Camy_Sonja,2023-05-28,64.478640000,14.102830000,,2023-06-07
O2,Sara_Camy_Sonja,2023-05-28,64.495250000,14.141760000,,2023-06-07
O3,Sara_Camy_Sonja,2023-05-28,64.493810000,14.149200000,,2023-06-07
O4,Sara_Camy_Sonja,2023-05-28,64.482610000,14.160760000,,2023-06-07
O5,Sara_Camy_Sonja,2023-05-28,64.473340000,14.185300000,,2023-06-07
O6,Sara_Camy_Sonja,2023-05-28,64.465910000,14.225270000,,2023-06-07
O7,Sara_Camy_Sonja,2023-05-28,64.437780000,14.299530000,,2023-06-07
O8,Sara_Camy_Sonja,2023-05-28,64.431790000,14.316140000,,2023-06-07
O9,Sara_Camy_Sonja,2023-05-28,64.402340000,14.348530000,,2023-06-07
O10,Sara_Camy_Sonja,2023-05-29,64.389980000,14.414340000,,2023-06-07
O11,Sara_Camy_Sonja,2023-05-29,64.390190000,14.448810000,,2023-06-07
O12,Sara_Camy_Sonja,2023-05-29,64.394700000,14.486100000,,2023-06-07
O13,Sara_Camy_Sonja,2023-05-29,64.386930000,14.530390000,,2023-06-07
O14,Sara_Camy_Sonja,2023-05-29,64.381710000,14.561270000,,2023-06-07
O15,Sara_Camy_Sonja,2023-05-29,64.373440000,14.649100000,,2023-06-07
O16,Sara_Camy_Sonja,2023-05-29,64.359020000,14.674060000,,2023-06-07
O17,Sara_Camy_Sonja,2023-05-29,64.348930000,14.692790000,,2023-06-07
O18,Sara_Camy_Sonja,2023-05-29,64.347360000,14.780370000,,2023-06-07
O19,Sara_Camy_Sonja,2023-05-29,64.245720000,14.820400000,,2023-06-07
O20,Sara_Camy_Sonja,2023-05-29,64.339550000,14.837400000,,2023-06-07
O21,Sara_Camy_Sonja,2023-05-29,64.339350000,14.923730000,,2023-06-07
O22,Sara_Camy_Sonja,2023-05-29,64.338520000,14.953990000,,2023-06-07
O23,Sara_Camy_Sonja,2023-05-29,64.337260000,14.988760000,,2023-06-07
O24,Sara_Camy_Sonja,2023-05-29,64.336520000,15.007680000,,2023-06-07
O25,Sara_Camy_Sonja,2023-05-29,64.344760000,15.046210000,,2023-06-07
O26,Sara_Camy_Sonja,2023-05-29,64.346390000,15.091860000,,2023-06-07
O27,Sara_Camy_Sonja,2023-05-29,64.342990000,15.121740000,,2023-06-07
O28,Sara_Camy_Sonja,2023-05-29,64.334100000,15.164730000,,2023-06-07
O29,Sara_Camy_Sonja,2023-05-29,64.326210000,15.175240000,,2023-06-07
O30,Sara_Camy_Sonja,2023-05-29,64.314410000,15.212710000,,2023-06-07
O31,Sara_Camy_Sonja,2023-05-29,64.308130000,15.238360000,,2023-06-07
O32,Sara_Camy_Sonja,2023-05-29,64.305770000,15.274800000,,2023-06-07
O33,Sara_Camy_Sonja,2023-05-29,64.303250000,15.305860000,,2023-06-07
O34,Sara_Camy_Sonja,2023-05-29,64.273800000,15.379490000,,2023-06-07
O35,Sara_Camy_Sonja,2023-05-29,64.263250000,15.396140000,,2023-06-07
O36,Sara_Camy_Sonja,2023-05-29,64.234580000,15.568620000,,2023-06-07
O37,Sara_Camy_Sonja,2023-05-29,64.232780000,15.592380000,,2023-06-07
O38,Sara_Camy_Sonja,2023-05-29,64.229640000,15.642040000,,2023-06-07
O39,Sara_Camy_Sonja,2023-05-29,64.221140000,15.651760000,,2023-06-07
O40,Sara_Camy_Sonja,2023-05-29,64.211810000,15.667940000,,2023-06-07
O41,Sara_Camy_Sonja,2023-05-29,64.203240000,15.672840000,,2023-06-07
O42,Sara_Camy_Sonja,2023-05-29,64.194450000,15.681470000,,2023-06-07
O43,Sara_Camy_Sonja,2023-05-30,64.186990000,15.692630000,,2023-06-07
O44,Sara_Camy_Sonja,2023-05-30,64.180180000,15.711250000,,2023-06-07
O45,Sara_Camy_Sonja,2023-05-30,64.181670000,15.734500000,,2023-06-07
O46,Sara_Camy_Sonja,2023-05-30,64.193450000,15.756100000,,2023-06-07
O47,Sara_Camy_Sonja,2023-05-30,64.202870000,15.767970000,,2023-06-07
O48,Sara_Camy_Sonja,2023-05-30,64.204870000,15.785020000,,2023-06-07
O49,Sara_Camy_Sonja,2023-05-30,64.215370000,15.849850000,,2023-06-07
O50,Sara_Camy_Sonja,2023-05-30,64.196520000,15.883980000,,2023-06-07
O51,Sara_Camy_Sonja,2023-05-30,64.183130000,15.922190000,,2023-06-07
O52,Sara_Camy_Sonja,2023-05-30,64.170560000,15.955490000,,2023-06-07
O53,Sara_Camy_Sonja,2023-05-30,64.160330000,16.019590000,,2023-06-07
O54,Sara_Camy_Sonja,2023-05-30,64.143460000,16.061320000,,2023-06-07
O55,Sara_Camy_Sonja,2023-05-30,64.116650000,16.109240000,,2023-06-07
P1,Tiggy,2023-05-20,64.174700000,17.295650000,,2023-05-22
P2,Tiggy,2023-05-20,64.177030000,17.286570000,,2023-05-22
P3,Tiggy,2023-05-20,64.184470000,17.239640000,,2023-05-22
P4,Tiggy,2023-05-20,64.169110000,17.315720000,,2023-05-22
P5,Tiggy,2023-05-20,64.183900000,17.200060000,,2023-05-22
P6,Tiggy,2023-05-20,64.186550000,17.178240000,,2023-05-22
P7,Tiggy,2023-05-20,64.191980000,17.089720000,,2023-05-22
P8,Tiggy,2023-05-20,64.189970000,17.104660000,,2023-05-22
P9,Tiggy,2023-05-20,64.195030000,17.078780000,,2023-05-22
P10,Tiggy,2023-05-20,64.207020000,16.999820000,,2023-05-22
P11,Tiggy,2023-05-20,64.223080000,16.866100000,,2023-05-22
P12,Tiggy,2023-05-20,64.227390000,16.841320000,,2023-05-22
P13,Tiggy,2023-05-20,64.232540000,16.805770000,,2023-05-22
P14,Tiggy,2023-05-20,64.241900000,16.787470000,,2023-05-22
P15,Tiggy,2023-05-21,64.123760000,16.212250000,,2023-05-22
P16,Tiggy,2023-05-21,64.130620000,16.224990000,,2023-05-22
P17,Tiggy,2023-05-21,64.140410000,16.220780000,,2023-05-22
P18,Tiggy,2023-05-21,64.146160000,16.239450000,,2023-05-22
P19,Tiggy,2023-05-21,64.148080000,16.257390000,,2023-05-22
P20,Tiggy,2023-05-21,64.165810000,16.277910000,,2023-05-22
P21,Tiggy,2023-05-21,64.178460000,16.297670000,,2023-05-22
P22,Tiggy,2023-05-21,64.189890000,16.303780000,,2023-05-22
P23,Tiggy,2023-05-21,64.215443800,16.286809200,,2023-05-22
P24,Tiggy,2023-05-21,64.222540000,16.298060000,,2023-05-22
P25,Tiggy,2023-05-21,64.232860000,16.308820000,,2023-05-22
P26,Tiggy,2023-05-21,64.260000000,16.375900000,,2023-05-22
P27,Tiggy,2023-05-21,64.249020000,16.504150000,,2023-05-22
P28,Tiggy,2023-05-21,64.248620000,16.530300000,,2023-05-22
P29,Tiggy,2023-05-21,64.252760000,16.550940000,,2023-05-22
P30,Tiggy,2023-05-21,64.250860000,16.582640000,,2023-05-22
P31,Tiggy,2023-06-04,64.174680000,17.363300000,,2023-06-13
P32,Tiggy,2023-06-04,64.185060000,17.348840000,,2023-06-13
P33,Tiggy,2023-06-04,64.211280000,17.314710000,,2023-06-13
P34,Tiggy,2023-06-04,64.205060000,17.324160000,,2023-06-13
P35,Tiggy,2023-06-04,64.238230000,17.286160000,,2023-06-13
P36,Tiggy,2023-06-04,64.249650000,17.276580000,,2023-06-13
P37,Tiggy,2023-06-04,64.239140000,17.285000000,,2023-06-13
P38,Tiggy,2023-06-04,64.272840000,17.275300000,,2023-06-13
P39,Tiggy,2023-06-04,64.324450000,17.255460000,,2023-06-13
P40,Tiggy,2023-06-04,64.310750000,17.236210000,,2023-06-13
P41,Tiggy,2023-06-04,64.317480000,17.197070000,,2023-06-13
P42,Tiggy,2023-06-04,64.319260000,17.126570000,,2023-06-13
P43,Tiggy,2023-06-04,64.316500000,17.142640000,,2023-06-13
P44,Tiggy,2023-06-04,64.321600000,17.102630000,,2023-06-13
P45,Tiggy,2023-06-04,64.436010000,16.788630000,,2023-06-13
P46,Tiggy,2023-06-05,64.412210000,16.741640000,,2023-06-13
P47,Tiggy,2023-06-05,64.417250000,16.745320000,,2023-06-13
P48,Tiggy,2023-06-05,64.406650000,16.735280000,,2023-06-13
P49,Tiggy,2023-06-05,64.399400000,16.727610000,,2023-06-13
P50,Tiggy,2023-06-05,64.384560000,16.713880000,,2023-06-13
P51,Tiggy,2023-06-05,64.351380000,16.669970000,,2023-06-13
P52,Tiggy,2023-06-05,64.345790000,16.654500000,,2023-06-13
P53,Tiggy,2023-06-05,64.338350000,16.638310000,,2023-06-13
P54,Tiggy,2023-06-05,64.327650000,16.629340000,,2023-06-13
P55,Tiggy,2023-06-05,64.320780000,16.615180000,,2023-06-13
Q1,Stephan_Anne_Niels,2023-05-19,63.931430000,19.016640000,,2023-05-22
Q2,Stephan_Anne_Niels,2023-05-19,63.931810000,18.958890000,,2023-05-22
Q3,Stephan_Anne_Niels,2023-05-19,63.937520000,18.933960000,,2023-05-22
Q4,Stephan_Anne_Niels,2023-05-19,63.950030000,18.903630000,,2023-05-22
Q5,Stephan_Anne_Niels,2023-05-19,63.953590000,18.884610000,,2023-05-22
Q6,Stephan_Anne_Niels,2023-05-19,63.963070000,18.851160000,,2023-05-22
Q7,Stephan_Anne_Niels,2023-05-19,63.986520000,18.805280000,,2023-05-22
Q8,Stephan_Anne_Niels,2023-05-19,63.990810000,18.799320000,,2023-05-22
Q9,Stephan_Anne_Niels,2023-05-19,64.001100000,18.777070000,,2023-05-22
Q10,Stephan_Anne_Niels,2023-05-19,63.999990000,18.739970000,,2023-05-22
Q11,Stephan_Anne_Niels,2023-05-19,64.008760000,18.716980000,,2023-05-22
Q12,Stephan_Anne_Niels,2023-05-19,64.011620000,18.703540000,,2023-05-22
Q13,Stephan_Anne_Niels,2023-05-19,64.016160000,18.685810000,,2023-05-22
Q14,Stephan_Anne_Niels,2023-05-19,64.028600000,18.634370000,,2023-05-22
Q15,Stephan_Anne_Niels,2023-05-19,64.035130000,18.613810000,,2023-05-22
Q16,Stephan_Anne_Niels,2023-05-19,64.039310000,18.590260000,,2023-05-22
Q17,Stephan_Anne_Niels,2023-05-19,64.054060000,18.538530000,,2023-05-22
Q18,Stephan_Anne_Niels,2023-05-19,64.057700000,18.517970000,,2023-05-22
Q19,Stephan_Anne_Niels,2023-05-19,64.078070000,18.400370000,,2023-05-22
Q20,Stephan_Anne_Niels,2023-05-19,64.086240000,18.396640000,,2023-05-22
Q21,Stephan_Anne_Niels,2023-05-19,64.091730000,18.375030000,,2023-05-22
Q22,Stephan_Anne_Niels,2023-05-19,64.117870000,18.361660000,,2023-05-22
Q23,Stephan_Anne_Niels,2023-05-19,64.132750000,18.359040000,,2023-05-22
Q24,Stephan_Anne_Niels,2023-05-19,64.132380000,18.359510000,,2023-05-22
Q25,Stephan_Anne_Niels,2023-05-19,64.164490000,18.502780000,,2023-05-22
Q26,Stephan_Anne_Niels,2023-05-19,64.161100000,18.524280000,,2023-05-22
Q27,Stephan_Anne_Niels,2023-05-19,64.163550000,18.556500000,,2023-05-22
Q28,Stephan_Anne_Niels,2023-05-19,64.170520000,18.572640000,,2023-05-22
Q29,Stephan_Anne_Niels,2023-05-19,64.209830000,18.693320000,,2023-05-22
Q30,Stephan_Anne_Niels,2023-05-19,64.216410000,18.818090000,,2023-05-22
Q31,Stephan_Anne_Niels,2023-05-21,64.082980000,18.322040000,,2023-05-22
Q32,Stephan_Anne_Niels,2023-05-21,64.081740000,18.273450000,,2023-05-22
Q33,Stephan_Anne_Niels,2023-05-21,64.141290000,18.015960000,,2023-05-22
Q34,Stephan_Anne_Niels,2023-05-21,64.147440000,17.925810000,,2023-05-22
Q35,Stephan_Anne_Niels,2023-05-21,64.149480000,17.888690000,,2023-05-22
Q36,Stephan_Anne_Niels,2023-05-21,64.153880000,17.866210000,,2023-05-22
Q37,Stephan_Anne_Niels,2023-05-21,64.156030000,17.845650000,,2023-05-22
Q38,Stephan_Anne_Niels,2023-05-21,64.165060000,17.815700000,,2023-05-22
Q39,Stephan_Anne_Niels,2023-05-21,64.198410000,17.752430000,,2023-05-22
Q40,Stephan_Anne_Niels,2023-05-21,64.178540000,17.430400000,,2023-05-22
Q41,Stephan_Anne_Niels,2023-05-21,64.172550000,17.396320000,,2023-05-22
Q42,Stephan_Anne_Niels,2023-05-21,64.236160000,17.550680000,,2023-05-22
Q43,Stephan_Anne_Niels,2023-05-21,64.252550000,17.550230000,,2023-05-22
Q44,Stephan_Anne_Niels,2023-05-21,64.279510000,17.607590000,,2023-05-22
Q45,Stephan_Anne_Niels,2023-05-21,64.286700000,17.624700000,,2023-05-22
Q46,Stephan_Anne_Niels,2023-05-21,64.307840000,17.692180000,,2023-05-22
Q47,Stephan_Anne_Niels,2023-05-21,64.322630000,17.715150000,,2023-05-22
Q48,Stephan_Anne_Niels,2023-05-21,64.336960000,17.760470000,,2023-05-22
Q49,Stephan_Anne_Niels,2023-05-21,64.350170000,17.830890000,,2023-05-22
Q50,Stephan_Anne_Niels,2023-05-21,64.476110000,18.242160000,,2023-05-22
Q51,Stephan_Anne_Niels,2023-05-21,64.509120000,18.322690000,,2023-05-22
Q52,Stephan_Anne_Niels,2023-05-21,64.511260000,18.354950000,,2023-05-22
Q53,Stephan_Anne_Niels,2023-05-21,64.539830000,18.499550000,,2023-05-22
Q54,Stephan_Anne_Niels,2023-05-21,64.551740000,18.508910000,,2023-05-22
Q55,Stephan_Anne_Niels,2023-05-21,64.566540000,18.597530000,,2023-05-22
Q56,Stephan_Anne_Niels,2023-05-21,64.572630000,18.636470000,,2023-05-22
Q57,Stephan_Anne_Niels,2023-05-21,64.497380000,18.898050000,,2023-05-22
Q58,Stephan_Anne_Niels,2023-05-21,64.483010000,18.899440000,,2023-05-22
Q59,Stephan_Anne_Niels,2023-05-21,64.430400000,18.976280000,,2023-05-22
Q60,Stephan_Anne_Niels,2023-05-21,64.418140000,19.007140000,,2023-05-22
R1,Sonja_Siamsa,2023-05-11,64.051070000,19.045690000,,2023-05-15
R2,Sonja_Siamsa,2023-05-11,64.062560000,19.036470000,,2023-05-15
R3,Sonja_Siamsa,2023-05-11,64.074560000,19.022050000,,2023-05-15
R4,Sonja_Siamsa,2023-05-11,64.112750000,19.003560000,,2023-05-15
R5,Sonja_Siamsa,2023-05-11,64.118450000,19.015770000,,2023-05-15
R6,Sonja_Siamsa,2023-05-11,64.129920000,18.995790000,,2023-05-15
R7,Sonja_Siamsa,2023-05-11,64.164800000,19.032390000,,2023-05-15
R8,Sonja_Siamsa,2023-05-11,64.179150000,19.041630000,,2023-05-15
R9,Sonja_Siamsa,2023-05-11,64.201690000,19.077040000,,2023-05-15
R10,Sonja_Siamsa,2023-05-11,64.185150000,19.156530000,,2023-05-15
R11,Sonja_Siamsa,2023-05-11,64.181400000,19.193090000,,2023-05-15
R12,Sonja_Siamsa,2023-05-11,64.166600000,19.273840000,,2023-05-15
R13,Sonja_Siamsa,2023-05-11,64.151030000,19.305410000,,2023-05-15
R14,Sonja_Siamsa,2023-05-11,64.158610000,19.365510000,,2023-05-15
R15,Sonja_Siamsa,2023-05-11,64.167370000,19.386980000,,2023-05-15
R16,Sonja_Siamsa,2023-05-11,64.185330000,19.402110000,,2023-05-15
R17,Sonja_Siamsa,2023-05-12,64.073870000,19.606340000,,2023-05-15
R18,Sonja_Siamsa,2023-05-12,64.081180000,19.618120000,,2023-05-15
R19,Sonja_Siamsa,2023-05-12,64.114810000,19.687200000,,2023-05-15
R20,Sonja_Siamsa,2023-05-12,64.129400000,19.684770000,,2023-05-15
R21,Sonja_Siamsa,2023-05-12,64.093130000,19.704090000,,2023-05-15
R22,Sonja_Siamsa,2023-05-12,64.092760000,19.786930000,,2023-05-15
R23,Sonja_Siamsa,2023-05-12,64.099960000,19.829740000,,2023-05-15
R24,Sonja_Siamsa,2023-05-12,64.099490000,19.852740000,,2023-05-15
R25,Sonja_Siamsa,2023-05-12,64.092500000,19.928310000,,2023-05-15
R26,Sonja_Siamsa,2023-05-12,64.096950000,19.955520000,,2023-05-15
R27,Sonja_Siamsa,2023-05-12,64.106740000,19.961870000,,2023-05-15
R28,Sonja_Siamsa,2023-05-12,64.101610000,19.991220000,,2023-05-15
R29,Sonja_Siamsa,2023-05-12,64.097270000,20.010160000,,2023-05-15
R30,Sonja_Siamsa,2023-05-12,64.082420000,20.032760000,,2023-05-15
R31,Sonja_Siamsa,2023-05-12,64.072310000,20.050610000,,2023-05-15
R32,Sonja_Siamsa,2023-05-12,64.067440000,20.065150000,,2023-05-15
R33,Sonja_Siamsa,2023-05-12,64.037900000,20.060440000,,2023-05-15
R34,Sonja_Siamsa,2023-05-12,64.031190000,20.083900000,,2023-05-15
R35,Sonja_Siamsa,2023-05-12,63.994610000,20.109760000,,2023-05-15
R36,Sonja_Siamsa,2023-05-12,63.984810000,20.121880000,,2023-05-15
R37,Sonja_Siamsa,2023-05-12,63.966310000,20.117880000,,2023-05-15
R38,Sonja_Siamsa,2023-05-12,63.924880000,20.184930000,,2023-05-15
R39,Tiggy,2023-05-14,64.075660000,20.151840000,,2023-05-15
R40,Tiggy,2023-05-14,64.080700000,20.184690000,,2023-05-15
R41,Tiggy,2023-05-14,64.071930000,20.204950000,,2023-05-15
R42,Tiggy,2023-05-14,64.065060000,20.211650000,,2023-05-15
R43,Tiggy,2023-05-14,64.050580000,20.223270000,,2023-05-15
R44,Tiggy,2023-05-14,64.028000000,20.240670000,,2023-05-15
R45,Tiggy,2023-05-14,64.007770000,20.247420000,,2023-05-15
R46,Tiggy,2023-05-14,63.977770000,20.261990000,,2023-05-15
R47,Tiggy,2023-05-14,63.964790000,20.284460000,,2023-05-15
R48,Tiggy,2023-05-14,63.929890000,20.297170000,,2023-05-15
R49,Tiggy,2023-05-14,63.971900000,20.337010000,,2023-05-15
R50,Tiggy,2023-05-14,63.947100000,20.299220000,,2023-05-15
R51,Sonja,2023-05-26,63.829930000,20.163360000,,2023-05-30
R52,Sonja,2023-05-26,63.829310000,20.190420000,,2023-05-30
R53,Sonja,2023-05-26,63.827580000,20.220210000,,2023-05-30
R54,Sonja,2023-05-26,63.821830000,20.298480000,,2023-05-30
R55,Sonja,2023-05-26,63.816970000,20.325840000,,2023-05-30
S81,Sonja,2023-05-13,64.418300000,16.420800000,,2023-05-15
S82,Sonja,2023-05-14,64.395300000,16.436400000,,2023-05-15
S83,Sonja,2023-05-13,64.385600000,16.439400000,,2023-05-15
S84,Sonja,2023-05-14,64.374200000,16.446100000,,2023-05-15
S85,Sonja,2023-05-13,64.365000000,16.446100000,,2023-05-15
S86,Sonja,2023-05-14,64.348600000,16.414400000,,2023-05-15
S87,Sonja,2023-05-13,64.340600000,16.399200000,,2023-05-15
S88,Sonja,2023-05-14,64.335800000,16.373600000,,2023-05-15
S89,Sonja,2023-05-14,64.330300000,16.311900000,,2023-05-15
S90,Sonja,2023-05-14,64.357200000,16.695800000,,2023-05-15
S91,Sonja,2023-05-13,63.944700000,20.594200000,,2023-05-15
S92,Sonja,2023-05-14,63.955000000,20.626100000,,2023-05-15
S93,Sonja,2023-05-14,63.984400000,20.613100000,,2023-05-15
S94,Sonja,2023-05-13,63.966900000,20.672200000,,2023-05-15
S95,Sonja,2023-05-13,63.971700000,20.687500000,,2023-05-15
S96,Sonja,2023-05-13,63.978100000,20.705600000,,2023-05-15
S97,Sonja,2023-05-14,63.883100000,20.553600000,,2023-05-15
S98,Sonja,2023-05-14,63.865600000,20.498600000,,2023-05-15
S99,Sonja,2023-05-13,63.885600000,20.629700000,,2023-05-15
S100,Sonja,2023-05-14,63.876100000,20.701900000,,2023-05-15
S101,Sonja,2023-05-14,66.050600000,18.447500000,,2023-05-15
S103,Sonja,2023-05-13,66.024700000,18.574200000,,2023-05-15
S104,Sonja,2023-05-14,66.032500000,18.657200000,,2023-05-15
S105,Sonja,2023-05-14,66.176400000,18.659700000,,2023-05-15
S106,Sonja,2023-05-14,66.231700000,18.608600000,,2023-05-15
S108,Sonja,2023-05-13,66.374700000,18.203600000,,2023-05-15
S110,Sonja,2023-05-14,66.259200000,18.000000000,,2023-05-15
S111,Sonja,2023-05-14,65.670300000,21.898600000,,2023-05-15
S112,Sonja,2023-05-14,65.660800000,21.986900000,,2023-05-15
S113,Sonja,2023-05-13,65.698900000,22.117500000,,2023-05-15
S114,Sonja,2023-05-13,65.554400000,22.393900000,,2023-05-15
S116,Sonja,2023-05-14,65.559400000,22.370800000,,2023-05-15
Z1,Tiggy ,2023-06-02,65.254766000,-14.387466000,,2023-06-13
Z4,Tiggy ,2023-06-09,65.225894000,-14.407098000,,2023-06-13
Z9,Tiggy ,2023-06-09,64.950858000,-14.075965000,,2023-06-13
Z12,Tiggy ,2023-06-09,64.848470000,-13.922675000,,2023-06-13
Z14,Tiggy ,2023-06-09,64.842391000,-14.374058000,,2023-06-13
ZV,Tiggy ,2023-06-09,64.209233000,19.800977000,,2023-06-13
X101,Marta_Bertold,2023-05-30,65.668663300,20.244542200,,2023-05-30
X102,Marta_Bertold,2023-05-30,65.674920500,20.265598200,,2023-05-30
X103,Marta_Bertold,2023-05-30,65.679727500,20.298128000,,2023-05-30
X104,Marta_Bertold,2023-05-30,65.677963600,20.347289200,,2023-05-30
X105,Marta_Bertold,2023-05-30,65.697818100,20.529568800,,2023-05-30
X106,Marta_Bertold,2023-05-30,65.688558900,20.700079800,,2023-05-30
X107,Marta_Bertold,2023-05-30,65.678255900,20.753884900,,2023-05-30
X108,Marta_Bertold,2023-05-30,65.677828700,20.825597200,,2023-05-30
X109,Marta_Bertold,2023-05-30,65.670693600,20.957141700,,2023-05-30
X110,Marta_Bertold,2023-05-29,64.232571600,21.011888300,,2023-05-30
X111,Marta_Bertold,2023-05-29,64.203786000,20.862152000,,2023-05-30
X112,Marta_Bertold,2023-05-29,64.198554900,20.788248400,,2023-05-30
X113,Marta_Bertold,2023-05-29,64.169887400,20.707777800,,2023-05-30
X114,Marta_Bertold,2023-05-29,64.140076200,20.624043900,,2023-05-30
X115,Marta_Bertold,2023-05-29,64.133903400,20.563573200,,2023-05-30
X201,Nazeer_Heba,2023-06-09,65.804570000,16.945320000,,2023-06-13
X202,Nazeer_Heba,2023-06-09,65.809420000,16.917960000,,2023-06-13
X203,Nazeer_Heba,2023-06-09,65.820660000,16.763900000,,2023-06-13
X204,Nazeer_Heba,2023-06-09,65.826120000,16.648380000,,2023-06-13
X205,Nazeer_Heba,2023-06-09,65.962110000,16.210740000,,2023-06-13
X206,Nazeer_Heba,2023-06-09,65.961230000,16.137113000,,2023-06-13
X207,Nazeer_Heba,2023-06-09,65.853480000,16.507690000,,2023-06-13
X208,Nazeer_Heba,2023-06-09,65.788340000,16.986700000,,2023-06-13
X209,Nazeer_Heba,2023-06-09,65.778990000,17.011680000,,2023-06-13
X210,Nazeer_Heba,2023-06-09,65.781810000,16.999860000,,2023-06-13
X211,Nazeer_Heba,2023-06-09,65.744550000,17.108890000,,2023-06-13
X212,Nazeer_Heba,2023-06-09,65.686170000,17.330650000,,2023-06-13
X213,Nazeer_Heba,2023-06-09,65.655160000,17.453060000,,2023-06-13
X214,Nazeer_Heba,2023-06-09,65.655880000,17.449590000,,2023-06-13
X215,Nazeer_Heba,2023-06-09,65.657460000,17.439780000,,2023-06-13
X216,Nazeer_Heba,2023-06-09,65.525310000,17.470260000,,2023-06-13
X217,Nazeer_Heba,2023-06-09,65.517090000,17.562460000,,2023-06-13
X218,Nazeer_Heba,2023-06-09,65.641880000,17.414470000,,2023-06-13
X219,Nazeer_Heba,2023-06-09,65.647560000,17.381150000,,2023-06-13
X220,Nazeer_Heba,2023-06-09,65.658680000,17.363070000,,2023-06-13
X221,Nazeer_Heba,2023-06-09,65.662680000,17.348670000,,2023-06-13
X222,Nazeer_Heba,2023-06-09,65.671390000,17.287200000,,2023-06-13
X401,Tiggy,2023-06-06,64.943000000,15.808340000,,2023-06-13
X402,Tiggy,2023-06-06,64.943960000,15.782230000,,2023-06-13
X403,Tiggy,2023-06-06,64.942070000,15.761290000,,2023-06-13
X404,Tiggy,2023-06-06,64.930180000,15.660660000,,2023-06-13
X405,Tiggy,2023-06-06,64.923550000,15.647180000,,2023-06-13
X406,Tiggy,2023-06-06,64.916780000,15.583170000,,2023-06-13
X407,Tiggy,2023-06-06,64.916860000,15.582750000,,2023-06-13
X408,Tiggy,2023-06-06,64.917340000,15.505880000,,2023-06-13
X409,Tiggy,2023-06-06,64.927480000,15.492810000,,2023-06-13
X410,Tiggy,2023-06-06,65.057650000,14.948300000,,2023-06-13
X411,Tiggy,2023-06-06,65.064030000,14.810490000,,2023-06-13
X412,Tiggy,2023-06-06,65.055560000,14.935610000,,2023-06-13
X413,Tiggy,2023-06-06,65.062600000,14.982160000,,2023-06-13
X415,Tiggy,2023-06-06,65.087630000,15.133680000,,2023-06-13
X416,Tiggy,2023-06-07,65.121830000,15.063000000,,2023-06-13
X417,Tiggy,2023-06-07,65.049120000,15.032300000,,2023-06-13
X418,Tiggy,2023-06-07,65.039020000,15.120640000,,2023-06-13
X419,Tiggy,2023-06-07,65.030930000,15.151690000,,2023-06-13
X420,Tiggy,2023-06-07,64.957520000,15.457920000,,2023-06-13
X421,Tiggy,2023-06-07,64.948990000,15.469760000,,2023-06-13
X422,Tiggy,2023-06-07,64.928340000,15.493100000,,2023-06-13
X423,Tiggy,2023-06-07,64.941800000,15.836300000,,2023-06-13
X424,Tiggy,2023-06-07,64.949493000,15.836894000,,2023-06-13
X425,Tiggy,2023-06-07,64.947000000,15.828640000,,2023-06-13
X426,Tiggy,2023-06-07,64.942080000,15.836760000,,2023-06-13
X427,Tiggy,2023-06-07,64.935870000,15.856060000,,2023-06-13
X428,Tiggy,2023-06-07,64.902180000,15.862350000,,2023-06-13
X429,Tiggy,2023-06-07,64.878840000,15.872040000,,2023-06-13
X430,Tiggy,2023-06-07,64.874050000,15.877890000,,2023-06-13
X431,Tiggy,2023-06-07,64.892090000,15.860200000,,2023-06-13
X432,Tiggy,2023-06-07,64.921870000,15.868440000,,2023-06-13
X433,Tiggy,2023-06-07,64.904200000,15.550860000,,2023-06-13
X434,Tiggy,2023-06-07,64.967570000,15.377730000,,2023-06-13
X435,Tiggy,2023-06-07,64.970210000,15.358720000,,2023-06-13
X436,Tiggy,2023-06-08,64.870220000,15.890580000,,2023-06-13
X437,Tiggy,2023-06-08,64.855130000,15.901480000,,2023-06-13
X438,Tiggy,2023-06-08,64.821950000,15.963090000,,2023-06-13
X439,Tiggy,2023-06-08,64.808940000,15.979220000,,2023-06-13
X440,Tiggy,2023-06-08,64.801960000,16.007480000,,2023-06-13
X441,Tiggy,2023-06-08,64.802340000,16.017420000,,2023-06-13
X442,Tiggy,2023-06-08,64.798540000,16.041530000,,2023-06-13
X443,Tiggy,2023-06-08,64.775350000,16.134250000,,2023-06-13
X444,Tiggy,2023-06-08,64.753460000,16.163980000,,2023-06-13
X501,Mikko_Max,2023-06-09,65.155473000,16.311200000,,2023-06-13
X502,Mikko_Max,2023-06-09,65.172902000,16.467235000,,2023-06-13
X503,Mikko_Max,2023-06-09,65.112112000,16.546548000,,2023-06-13
X504,Mikko_Max,2023-06-09,65.087012000,16.747002000,,2023-06-13
X505,Mikko_Max,2023-06-09,65.054017000,16.928773000,,2023-06-13
X506,Mikko_Max,2023-06-09,65.023465000,17.063937000,,2023-06-13
X507,Mikko_Max,2023-06-09,64.967888000,17.085680000,,2023-06-13
X508,Mikko_Max,2023-06-09,64.901565000,16.997052000,,2023-06-13
X509,Mikko_Max,2023-06-09,64.833518000,16.943350000,,2023-06-13
X510,Mikko_Max,2023-06-09,64.767060000,16.747443000,,2023-06-13
X511,Mikko_Max,2023-06-09,64.682442000,16.728365000,,2023-06-13
X512,Mikko_Max,2023-06-09,64.619868000,16.706153000,,2023-06-13
X513,Mikko_Max,2023-06-09,64.625741000,16.864803000,,2023-06-13
X514,Mikko_Max,2023-06-09,64.650278000,16.991528000,,2023-06-13
X515,Mikko_Max,2023-06-09,64.658156000,17.095496000,,2023-06-13
X601,Nazeer_Heba,2023-06-13,,,,2023-06-21
X602,Nazeer_Heba,2023-06-13,,,,2023-06-21
X603,Nazeer_Heba,2023-06-13,,,,2023-06-21
X604,Nazeer_Heba,2023-06-13,,,,2023-06-21
X605,Nazeer_Heba,2023-06-13,,,,2023-06-21
X606,Nazeer_Heba,2023-06-13,,,,2023-06-21
X607,Nazeer_Heba,2023-06-13,,,,2023-06-21
X608,Nazeer_Heba,2023-06-13,,,,2023-06-21
X609,Nazeer_Heba,2023-06-13,,,,2023-06-21
X610,Nazeer_Heba,2023-06-13,,,,2023-06-21
X611,Nazeer_Heba,2023-06-13,,,,2023-06-21
X612,Nazeer_Heba,2023-06-13,,,,2023-06-21
X613,Nazeer_Heba,2023-06-14,,,,2023-06-21
X614,Nazeer_Heba,2023-06-14,,,,2023-06-21
X615,Nazeer_Heba,2023-06-14,,,,2023-06-21
X616,Nazeer_Heba,2023-06-14,,,,2023-06-21
X617,Nazeer_Heba,2023-06-14,,,,2023-06-21
X618,Nazeer_Heba,2023-06-14,,,,2023-06-21
X619,Nazeer_Heba,2023-06-15,,,,2023-06-21
X620,Nazeer_Heba,2023-06-15,,,,2023-06-21
X621,Nazeer_Heba,2023-06-15,,,,2023-06-21
X622,Nazeer_Heba,2023-06-15,,,,2023-06-21
X623,Nazeer_Heba,2023-06-15,,,,2023-06-21
X624,Nazeer_Heba,2023-06-15,,,,2023-06-21
X625,Nazeer_Heba,2023-06-15,,,,2023-06-21
X626,Nazeer_Heba,2023-06-15,,,,2023-06-21
X627,Nazeer_Heba,2023-06-15,,,,2023-06-21
X628,Nazeer_Heba,2023-06-15,,,,2023-06-21
X629,Nazeer_Heba,2023-06-15,,,,2023-06-21
X630,Nazeer_Heba,2023-06-15,,,,2023-06-21
X631,Nazeer_Heba,2023-06-15,,,,2023-06-21
X632,Nazeer_Heba,2023-06-15,,,,2023-06-21
X633,Nazeer_Heba,2023-06-15,,,,2023-06-21
X634,Nazeer_Heba,2023-06-16,,,,2023-06-21
X635,Nazeer_Heba,2023-06-16,,,,2023-06-21
X636,Nazeer_Heba,2023-06-16,,,,2023-06-21
X637,Nazeer_Heba,2023-06-16,,,,2023-06-21
X638,Nazeer_Heba,2023-06-16,,,,2023-06-21
X639,Nazeer_Heba,2023-06-16,,,,2023-06-21
X640,Nazeer_Heba,2023-06-16,,,,2023-06-21
X641,Nazeer_Heba,2023-06-16,,,,2023-06-21
X642,Nazeer_Heba,2023-06-16,,,,2023-06-21
X643,Nazeer_Heba,2023-06-16,,,,2023-06-21
X644,Nazeer_Heba,2023-06-16,,,,2023-06-21
X645,Nazeer_Heba,2023-06-16,,,,2023-06-21
X646,Nazeer_Heba,2023-06-16,,,,2023-06-21
X647,Nazeer_Heba,2023-06-16,,,,2023-06-21
X648,Nazeer_Heba,2023-06-16,,,,2023-06-21
X649,Nazeer_Heba,2023-06-16,,,,2023-06-21
X650,Nazeer_Heba,2023-06-16,,,,2023-06-21
X651,Nazeer_Heba,2023-06-16,,,,2023-06-21
X652,Nazeer_Heba,2023-06-16,,,,2023-06-21
X701,Tiggy,2023-06-19,65.743990000,18.042630000,,2023-06-21
X702,Tiggy,2023-06-19,65.848090000,18.042990000,,2023-06-21
X703,Tiggy,2023-06-19,66.035810000,17.878130000,,2023-06-21
X704,Tiggy,2023-06-20,66.067780000,17.643330000,,2023-06-21
X705,Tiggy,2023-06-20,66.070040000,17.616320000,,2023-06-21
X706,Tiggy,2023-06-20,66.083650000,17.543720000,,2023-06-21
X707,Tiggy,2023-06-20,66.290800000,17.179570000,,2023-06-21
X708,Tiggy,2023-06-20,66.351340000,17.059450000,,2023-06-21
X709,Tiggy,2023-06-20,66.372950000,17.001740000,,2023-06-21
X710,Tiggy,2023-06-20,66.386720000,16.966670000,,2023-06-21
X711,Tiggy,2023-06-20,66.238520000,17.228020000,,2023-06-21
X712,Tiggy,2023-06-20,66.111000000,17.461910000,,2023-06-21
X713,Tiggy,2023-06-20,66.096240000,17.515340000,,2023-06-21
X714,Tiggy,2023-06-20,66.070340000,17.592590000,,2023-06-21
